Filename,Formula,Notes,Num Elements,2a
,,,,0.000 0.000 0.000 
1962710.cif,Zr,ht/hp2,1,Zr
1939601.cif,Zr,ht/hp2,1,Zr
1254095.cif,Zr,ht/hp2,1,Zr
1254051.cif,Zr,ht/hp2,1,Zr
558463.cif,Zr,ht/hp2,1,Zr
1622137.cif,Zr,ht/hp2,1,Zr
1010364.cif,Zr,ht/hp2,1,Zr
458095.cif,Zr,ht/hp2,1,Zr
304947.cif,Zr,ht/hp2,1,Zr
534914.cif,Zr,ht/hp2,1,Zr
535086.cif,Zr,ht/hp2,1,Zr
1215046.cif,Yb,ht/hp1,1,Yb
1012737.cif,Yb,ht/hp1,1,Yb
530373.cif,W0.35Zr0.65,ht,2,Zr0.65W0.35
260127.cif,W0.67Zr0.33,ht,2,W0.67Zr0.33
450264.cif,W0.67Zr0.33,ht,2,W0.67Zr0.33
1826698.cif,W0.93Zr0.07,,2,W0.928Zr0.072
530398.cif,W0.97Zr0.03,,2,W0.97Zr0.03
1928764.cif,W0.97Zr0.03,,2,W0.97Zr0.03
1966020.cif,W,,1,W
1946719.cif,W,,1,W
1020367.cif,W,,1,W
1140424.cif,W,,1,W
311500.cif,W,,1,W
1724776.cif,W,,1,W
1140136.cif,W,,1,W
456673.cif,W,,1,W
450052.cif,W,,1,W
1013980.cif,W,,1,W
455146.cif,W,,1,W
1622756.cif,W,,1,W
311771.cif,W,,1,W
1928811.cif,W,,1,W
530397.cif,W,,1,W
1928681.cif,W,,1,W
1928788.cif,W,,1,W
1928809.cif,W,,1,W
1928763.cif,W,,1,W
452225.cif,W,,1,W
250711.cif,W,,1,W
250696.cif,W,,1,W
457528.cif,W,,1,W
250501.cif,W,,1,W
250387.cif,W,,1,W
456242.cif,W,,1,W
250184.cif,W,,1,W
1826695.cif,W,,1,W
533316.cif,W,,1,W
452077.cif,W,,1,W
533333.cif,W,,1,W
261439.cif,W,,1,W
529738.cif,W,,1,W
1012696.cif,W,,1,W
1030356.cif,W,,1,W
532795.cif,W,,1,W
532814.cif,W,,1,W
527212.cif,W,,1,W
305025.cif,W,,1,W
1500921.cif,W,,1,W
1040278.cif,W,,1,W
534316.cif,W,,1,W
456888.cif,W,,1,W
261171.cif,W,,1,W
1251933.cif,W,,1,W
1715409.cif,W,,1,W
1324327.cif,W,,1,W
1221477.cif,W,,1,W
1602684.cif,W,,1,W
1715095.cif,W,,1,W
533458.cif,V0.95Zr0.05,,2,V0.95Zr0.05
533455.cif,V0.99Zr0.01,,2,V0.99Zr0.01
1928786.cif,V0.50W0.50,,2,V0.5W0.5
457527.cif,V0.50W0.50,,2,V0.5W0.5
532794.cif,V0.50W0.50,,2,V0.5W0.5
457526.cif,V0.70W0.30,,2,V0.7W0.3
1056647.cif,V,,1,V
1956688.cif,V,,1,V
1945650.cif,V,,1,V
1945647.cif,V,,1,V
1941295.cif,V,,1,V
1823251.cif,V,,1,V
1928175.cif,V,,1,V
1927847.cif,V,,1,V
1923900.cif,V,,1,V
1923884.cif,V,,1,V
1230094.cif,V,,1,V
1921582.cif,V,,1,V
1827341.cif,V,,1,V
1611796.cif,V,,1,V
1030502.cif,V,,1,V
529789.cif,V,,1,V
260529.cif,V,,1,V
533453.cif,V,,1,V
383015.cif,V,,1,V
457165.cif,V,,1,V
454319.cif,V,,1,V
1214005.cif,V,,1,V
534814.cif,V,,1,V
531949.cif,V,,1,V
1824836.cif,V,,1,V
1725973.cif,V,,1,V
532078.cif,V,,1,V
1928778.cif,V,,1,V
1928784.cif,V,,1,V
1928783.cif,V,,1,V
1928787.cif,V,,1,V
1928726.cif,V,,1,V
1928777.cif,V,,1,V
530401.cif,V,,1,V
532142.cif,V,,1,V
250744.cif,V,,1,V
531602.cif,V,,1,V
457529.cif,V,,1,V
549918.cif,V,,1,V
250181.cif,V,,1,V
452084.cif,V,,1,V
533814.cif,V,,1,V
305096.cif,V,,1,V
261438.cif,V,,1,V
532796.cif,V,,1,V
534167.cif,V,,1,V
1501062.cif,V,,1,V
533379.cif,V,,1,V
1605138.cif,V,,1,V
534995.cif,V,,1,V
535005.cif,V,,1,V
456808.cif,V,,1,V
456857.cif,V,,1,V
535022.cif,V,,1,V
535016.cif,V,,1,V
1011120.cif,U0.30Zr0.70,ht,2,Zr0.7U0.3
535077.cif,U0.30Zr0.70,ht,2,Zr0.7U0.3
1831460.cif,U0.33Zr0.67,ht,2,Zr0.669U0.331
456670.cif,U0.50Zr0.50,ht,2,U0.5Zr0.5
1835352.cif,U0.78Zr0.22,ht,2,U0.78Zr0.22
1435161.cif,U0.85Zr0.15,ht,2,U0.85Zr0.15
1965949.cif,U0.90V0.10,ht2,2,U0.9V0.1
1602711.cif,U,ht2,1,U
252194.cif,U,ht2,1,U
458711.cif,U,ht2,1,U
1500468.cif,U,ht2,1,U
527162.cif,Tm,stab,1,Tm
1949147.cif,Tl,ht,1,Tl
1701025.cif,Tl,ht,1,Tl
1604539.cif,Ti0.50Zr0.50,ht,2,Ti0.5Zr0.5
1010368.cif,Ti0.50Zr0.50,ht,2,Ti0.5Zr0.5
456790.cif,Ti0.50Zr0.50,ht,2,Ti0.5Zr0.5
534325.cif,Ti0.50Zr0.50,ht,2,Ti0.5Zr0.5
1635714.cif,Ti0.89Zr0.11,ht,2,Ti0.89Zr0.11
460833.cif,Ti0.17W0.67Zr0.16,,3,W0.67Ti0.17Zr0.16
1709299.cif,Ti0.58W0.32Zr0.11,,3,Ti0.577W0.316Zr0.107
1607484.cif,Ti0W0.99Y0,,3,W0.994Ti0.004Y0.002
452226.cif,Ti0.50W0.50,ht,2,Ti0.5W0.5
1928682.cif,Ti0.90W0.10,ht,2,Ti0.9W0.1
1030509.cif,Ti0.91W0.09,ht,2,Ti0.91W0.09
1030515.cif,Ti0.43V0.44W0.13,,3,V0.44Ti0.43W0.13
533452.cif,Ti0.01V0.99,,2,V0.99Ti0.01
533456.cif,Ti0.05V0.95,,2,V0.95Ti0.05
1611797.cif,Ti0.10V0.90,,2,V0.9Ti0.1
1721005.cif,Ti0.20V0.80,,2,V0.8Ti0.2
1010840.cif,Ti0.20V0.80,,2,V0.8Ti0.2
1957548.cif,Ti0.25V0.75,,2,V0.75Ti0.25
1825356.cif,Ti0.35V0.65,,2,V0.65Ti0.35
1055754.cif,Ti0.50V0.50,,2,Ti0.5V0.5
1030503.cif,Ti0.50V0.50,,2,Ti0.5V0.5
534792.cif,Ti0.50V0.50,,2,Ti0.5V0.5
453060.cif,Ti0.50V0.50,,2,Ti0.5V0.5
457164.cif,Ti0.50V0.50,,2,Ti0.5V0.5
455156.cif,Ti0.50V0.50,,2,Ti0.5V0.5
535015.cif,Ti0.50V0.50,,2,Ti0.5V0.5
456856.cif,Ti0.50V0.50,,2,Ti0.5V0.5
1941182.cif,Ti0.60V0.40,,2,Ti0.6V0.4
1721004.cif,Ti0.60V0.40,,2,Ti0.6V0.4
1928727.cif,Ti0.80V0.20,,2,Ti0.8V0.2
458710.cif,Ti0.50U0.50,ht,2,Ti0.5U0.5
1831465.cif,Ti,ht,1,Ti
1830544.cif,Ti,ht,1,Ti
1030501.cif,Ti,ht,1,Ti
1622135.cif,Ti,ht,1,Ti
1010365.cif,Ti,ht,1,Ti
1925942.cif,Ti,ht,1,Ti
458712.cif,Ti,ht,1,Ti
458738.cif,Ti,ht,1,Ti
456849.cif,Ti,ht,1,Ti
534323.cif,Ti,ht,1,Ti
1625259.cif,Ti,ht,1,Ti
450377.cif,Th0.25Zr0.75,ht,2,Zr0.75Th0.25
450481.cif,Th0.30Zr0.70,ht,2,Zr0.7Th0.3
304945.cif,Th0.50Zr0.50,ht,2,Th0.5Zr0.5
534913.cif,Th0.50Zr0.50,ht,2,Th0.5Zr0.5
534906.cif,Th0.53Y0.47,ht,2,Th0.53Y0.47
534907.cif,Th,ht,1,Th
304946.cif,Th,ht,1,Th
1301595.cif,Te0.05Ti0.95,ht,2,Ti0.95Te0.05
1942851.cif,Te,hp3,1,Te
1254048.cif,Te,hp3,1,Te
456677.cif,Tc0.50W0.50,,2,Tc0.5W0.5
456241.cif,Tc0.50W0.50,,2,Tc0.5W0.5
529737.cif,Tc0.50W0.50,,2,Tc0.5W0.5
530405.cif,Tc0.30V0.70,,2,V0.7Tc0.3
527166.cif,Tb,ht,1,Tb
1253818.cif,Ta0.18Zr0.82,,2,Zr0.82Ta0.18
1928773.cif,Ta0.90Zr0.10,,2,Ta0.9Zr0.1
452027.cif,Ta0.92Zr0.08,,2,Ta0.92Zr0.08
1826699.cif,Ta0.93Zr0.08,,2,Ta0.925Zr0.075
1826700.cif,Ta0.07W0.90Zr0.04,,3,W0.895Ta0.07Zr0.035
1826697.cif,Ta0.40W0.60,ht,2,W0.6Ta0.4
1962350.cif,Ta0.50W0.50,ht,2,Ta0.5W0.5
528562.cif,Ta0.50W0.50,ht,2,Ta0.5W0.5
1928808.cif,Ta0.50W0.50,ht,2,Ta0.5W0.5
456886.cif,Ta0.50W0.50,ht,2,Ta0.5W0.5
261176.cif,Ta0.50W0.50,ht,2,Ta0.5W0.5
1239828.cif,Ta0.09V0.91,ht,2,V0.91Ta0.09
548248.cif,Ta0.33V0.67,ht,2,V0.67Ta0.33
529786.cif,Ta0.50V0.50,ht,2,Ta0.5V0.5
533378.cif,Ta0.50V0.50,ht,2,Ta0.5V0.5
1239827.cif,Ta0.53V0.47,ht,2,Ta0.53V0.47
1934341.cif,Ta0.54V0.46,ht,2,Ta0.54V0.46
1928780.cif,Ta0.60V0.40,ht,2,Ta0.6V0.4
1607779.cif,Ta0.33Ti0.33Zr0.33,,3,Ta0.334Ti0.333Zr0.333
1030507.cif,Ta0.20Ti0.80,,2,Ti0.8Ta0.2
1929367.cif,Ta0.50Ti0.50,,2,Ta0.5Ti0.5
458736.cif,Ta0.50Ti0.50,,2,Ta0.5Ti0.5
1011078.cif,Ta0.51Ti0.49,,2,Ta0.51Ti0.49
1254469.cif,Ta,,1,Ta
1270623.cif,Ta,,1,Ta
1270876.cif,Ta,,1,Ta
1822479.cif,Ta,,1,Ta
1153481.cif,Ta,,1,Ta
1612505.cif,Ta,,1,Ta
1639013.cif,Ta,,1,Ta
529788.cif,Ta,,1,Ta
453745.cif,Ta,,1,Ta
531323.cif,Ta,,1,Ta
1271673.cif,Ta,,1,Ta
531898.cif,Ta,,1,Ta
1929171.cif,Ta,,1,Ta
531981.cif,Ta,,1,Ta
457969.cif,Ta,,1,Ta
1928810.cif,Ta,,1,Ta
1928790.cif,Ta,,1,Ta
1928800.cif,Ta,,1,Ta
1928772.cif,Ta,,1,Ta
1928804.cif,Ta,,1,Ta
1928779.cif,Ta,,1,Ta
453053.cif,Ta,,1,Ta
534144.cif,Ta,,1,Ta
1826696.cif,Ta,,1,Ta
261442.cif,Ta,,1,Ta
533380.cif,Ta,,1,Ta
534924.cif,Ta,,1,Ta
527796.cif,Ta,,1,Ta
1703930.cif,Ta,,1,Ta
1703890.cif,Ta,,1,Ta
1040279.cif,Ta,,1,Ta
458737.cif,Ta,,1,Ta
534334.cif,Ta,,1,Ta
311288.cif,Ta,,1,Ta
456887.cif,Ta,,1,Ta
261169.cif,Ta,,1,Ta
1939123.cif,Ta,,1,Ta
1712533.cif,Ta,,1,Ta
1324293.cif,Ta,,1,Ta
1625258.cif,Ta,,1,Ta
1014763.cif,Sr,ht/hp1,1,Sr
455941.cif,Sr,ht/hp1,1,Sr
456000.cif,Sr,ht/hp1,1,Sr
456027.cif,Sr,ht/hp1,1,Sr
1500571.cif,Sr,ht/hp1,1,Sr
528573.cif,Sn0.11V0.89,,2,V0.89Sn0.11
531996.cif,Sn0.10Tl0.90,ht,2,Tl0.9Sn0.1
1254086.cif,Sn,hp3,1,Sn
1254037.cif,Sn,hp3,1,Sn
1254088.cif,Sn,hp3,1,Sn
302349.cif,Si0.17W0.66Zr0.17,ht,3,W0.66Si0.17Zr0.17
305097.cif,Si0.02V0.98,,2,V0.98Si0.02
1950369.cif,Si0.03V0.97,,2,V0.97Si0.03
533790.cif,Si0.03V0.97,,2,V0.97Si0.03
1823940.cif,Si0.06V0.94,,2,V0.94Si0.06
250249.cif,Si0.20Tc0.80,,2,Tc0.8Si0.2
1934340.cif,Si0.02Ta0.13V0.85,,3,V0.85Ta0.13Si0.02
1254083.cif,Se,hp5,1,Se
560297.cif,Se,hp5,1,Se
1622064.cif,Se,hp5,1,Se
1153122.cif,Sc,ht,1,Sc
1927974.cif,Sc,ht,1,Sc
1927975.cif,Sc,ht,1,Sc
1927976.cif,Sc,ht,1,Sc
1927977.cif,Sc,ht,1,Sc
1927972.cif,Sc,ht,1,Sc
1927973.cif,Sc,ht,1,Sc
1833061.cif,Sb0.04V0.96,,2,V0.962Sb0.038
1128783.cif,Sb0.40Te0.60,hp3,2,Te0.6Sb0.4
1632679.cif,Sb0.40Te0.60,hp3,2,Te0.6Sb0.4
1962997.cif,Sb0.40Se0.60,hp,2,Se0.6Sb0.4
1046591.cif,Sb0.40Se0.60,hp,2,Se0.6Sb0.4
1254035.cif,Sb,hp3,1,Sb
1955356.cif,S0.60Sb0.40,hp5,2,S0.6Sb0.4
1804278.cif,Ru0.05Zr0.95,ht,2,Zr0.95Ru0.05
452078.cif,Ru0.15W0.85,,2,W0.85Ru0.15
450610.cif,Ru0.20V0.80,,2,V0.8Ru0.2
261403.cif,Ru0.25V0.75,,2,V0.75Ru0.25
261455.cif,Ru0.20Ti0.80,ht,2,Ti0.8Ru0.2
261453.cif,Ru0.25Ta0.75,,2,Ta0.75Ru0.25
260723.cif,Rh0.08Zr0.92,ht1,2,Zr0.92Rh0.08
1623835.cif,Rh0.09Zr0.92,ht,2,Zr0.915Rh0.085
1928911.cif,Rh0.50Zr0.50,ht2,2,Rh0.5Zr0.5
450721.cif,Rh0.15V0.85,,2,V0.85Rh0.15
261574.cif,Rh0.25Ti0.75,ht,2,Ti0.75Rh0.25
455145.cif,Re0.20W0.80,,2,W0.8Re0.2
310445.cif,Re0.25W0.75,,2,W0.75Re0.25
532082.cif,Re0.29W0.71,,2,W0.71Re0.29
457185.cif,Re0.35W0.65,,2,W0.65Re0.35
1922274.cif,Re0.20V0.80,,2,V0.8Re0.2
260528.cif,Re0.20V0.80,,2,V0.8Re0.2
535205.cif,Re0.25Ta0.75,,2,Ta0.75Re0.25
453746.cif,Re0.40Ta0.60,,2,Ta0.6Re0.4
452253.cif,Re0.45Ta0.55,,2,Ta0.55Re0.45
1214134.cif,Re0.50Ta0.50,m,2,Re0.5Ta0.5
310444.cif,Re0.61Ta0.39,m,2,Re0.61Ta0.39
1301698.cif,Rb,,1,Rb
1214553.cif,Rb,,1,Rb
1603289.cif,Rb,,1,Rb
526885.cif,Rb,,1,Rb
1715170.cif,Rb,,1,Rb
1715318.cif,Ra,,1,Ra
1923696.cif,Pu0.80Zr0.20,ht,2,Pu0.8Zr0.2
1835353.cif,Pu0.16U0.61Zr0.23,,3,U0.614Zr0.226Pu0.16
1923699.cif,Pu0.90U0.10,ht,2,Pu0.903U0.097
1923697.cif,Pu0.92Sc0.08,ht,2,Pu0.92Sc0.08
1923695.cif,Pu,ht5,1,Pu
1254077.cif,Pu,ht5,1,Pu
531962.cif,Pt0.05V0.95,,2,V0.95Pt0.05
1927850.cif,Pt0.06V0.94,,2,V0.9375Pt0.0625
1012735.cif,Pr,ht,1,Pr
457087.cif,Pd0.20Zr0.80,ht,2,Zr0.8Pd0.2
250182.cif,Pd0.05W0.95,,2,W0.95Pd0.05
1963011.cif,Pd0.15Ti0.85,ht,2,Ti0.85Pd0.15
457086.cif,Pd0.20Ti0.80,ht,2,Ti0.8Pd0.2
261768.cif,Pd0.75Te0.25,ht,2,Pd0.75Te0.25
531893.cif,Pd0.12Ta0.88,,2,Ta0.88Pd0.12
451806.cif,Pb0.50Yb0.50,ht,2,Pb0.5Yb0.5
457317.cif,Pb0.50Sb0.50,hp,2,Pb0.5Sb0.5
530215.cif,Pb0.65Sb0.35,hp,2,Pb0.65Sb0.35
558877.cif,Pb,hp2,1,Pb
536639.cif,P0.10Pd0.70Zn0.20,m,3,Pd0.7Zn0.2P0.1
1926661.cif,P,hp5,1,P
1611921.cif,Os0.05Zr0.95,ht,2,Zr0.95Os0.05
250051.cif,Os0.10W0.90,,2,W0.9Os0.1
450458.cif,Os0.20V0.80,,2,V0.8Os0.2
261568.cif,Os0.20V0.80,,2,V0.8Os0.2
535206.cif,Os0.27V0.73,,2,V0.73Os0.27
454200.cif,Os0.12U0.88,ht2,2,U0.88Os0.12
250421.cif,Os0.10Ta0.90,,2,Ta0.9Os0.1
1301228.cif,NpZr0,ht2,2,Np0.999Zr0.001
250045.cif,Np0.50Pu0.50,ht,2,Np0.5Pu0.5
527233.cif,Np,ht2,1,Np
1502315.cif,Np,ht2,1,Np
1628817.cif,Ni0.03W0.97,,2,W0.968Ni0.032
1020447.cif,Ni0.08V0Zr0.92,,3,Zr0.915Ni0.084V0.001
1819573.cif,Ni0.07V0.93,,2,V0.93Ni0.07
1803005.cif,Ni0.08V0.92,,2,V0.92Ni0.08
532076.cif,Ni0.19V0.81,,2,V0.81Ni0.19
532139.cif,Ni0.47V0.53,m,2,V0.53Ni0.47
1831463.cif,Ni0.50Ti0.50W0.01,,3,Ni0.5Ti0.495W0.005
1216753.cif,Ni0.05Ti0.31V0.64,,3,V0.637Ti0.313Ni0.05
1228406.cif,Ni0.05Ti0.20V0.75,,3,V0.75Ti0.2Ni0.05
1957549.cif,Ni0.15Ti0.25V0.60,,3,V0.6Ti0.25Ni0.15
1020449.cif,Ni0.08Ti0.02V0.90,,3,V0.9Ni0.08Ti0.02
1413585.cif,Ni0.10Ti0.91,ht,2,Ti0.905Ni0.095
1928677.cif,Ni0.11Ti0.89,ht,2,Ti0.891Ni0.109
1831462.cif,Ni0.51Ti0.49,ht,2,Ni0.51Ti0.49
1945456.cif,Ni0.03Ta0.77Ti0.20,,3,Ta0.77Ti0.2Ni0.03
1605345.cif,Ni0.07Os0.22Ti0.71,,3,Ti0.71Os0.22Ni0.07
1603284.cif,Ni,m,1,Ni
1831464.cif,Nd,ht,1,Nd
1012736.cif,Nd,ht,1,Nd
1011121.cif,Nb0.23Zr0.77,ht,2,Zr0.77Nb0.23
1301190.cif,Nb0.31Zr0.69,ht,2,Zr0.686Nb0.314
1010367.cif,Nb0.45Zr0.55,ht,2,Zr0.55Nb0.45
1929363.cif,Nb0.50Zr0.50,ht,2,Nb0.5Zr0.5
456792.cif,Nb0.50Zr0.50,ht,2,Nb0.5Zr0.5
532110.cif,Nb0.50Zr0.50,ht,2,Nb0.5Zr0.5
535084.cif,Nb0.50Zr0.50,ht,2,Nb0.5Zr0.5
1730756.cif,Nb0.70Zr0.30,ht,2,Nb0.7Zr0.3
1011081.cif,Nb0.80Zr0.20,ht,2,Nb0.8Zr0.2
1300641.cif,NbY0,,2,Nb0.999Y0.001
1928798.cif,Nb0.50W0.50,,2,Nb0.5W0.5
250695.cif,Nb0.50W0.50,,2,Nb0.5W0.5
250714.cif,Nb0.50W0.50,,2,Nb0.5W0.5
533315.cif,Nb0.50W0.50,,2,Nb0.5W0.5
261174.cif,Nb0.50W0.50,,2,Nb0.5W0.5
1927849.cif,Nb0.06V0.94,,2,V0.9375Nb0.0625
529787.cif,Nb0.50V0.50,,2,Nb0.5V0.5
1922275.cif,Nb0.50V0.50,,2,Nb0.5V0.5
1928775.cif,Nb0.50V0.50,,2,Nb0.5V0.5
456799.cif,Nb0.50V0.50,,2,Nb0.5V0.5
1831461.cif,Nb0.05U0.43Zr0.52,,3,Zr0.521U0.434Nb0.045
1011122.cif,Nb0.10U0.10Zr0.80,,3,Zr0.8Nb0.1U0.1
1825388.cif,Nb0.12U0.06Zr0.82,,3,Zr0.825Nb0.12U0.055
1435158.cif,Nb0.05U0.95,,2,U0.95Nb0.05
532111.cif,Nb0.50U0.50,,2,Nb0.5U0.5
252196.cif,Nb0.50U0.50,,2,Nb0.5U0.5
1822522.cif,Nb0.04Ti0.48Zr0.48,,3,Ti0.48Zr0.48Nb0.04
1961181.cif,Nb0.14Ti0.68Zr0.18,,3,Ti0.68Zr0.18Nb0.14
1963191.cif,Nb0.17Ti0.53Zr0.30,,3,Ti0.53Zr0.3Nb0.17
1823340.cif,Nb0.25Ti0.71Zr0.04,,3,Ti0.71Nb0.25Zr0.04
1010370.cif,Nb0.20Ti0.30Zr0.50,,3,Zr0.5Ti0.3Nb0.2
1058424.cif,Nb0.33Ti0.34Zr0.33,,3,Ti0.34Nb0.33Zr0.33
1965280.cif,Nb0.34Ti0.33Zr0.33,,3,Nb0.34Ti0.33Zr0.33
1965602.cif,Nb0.25Ti0.05Zr0.70,,3,Zr0.7Nb0.25Ti0.05
1730758.cif,Nb0.70Ti0.12Zr0.18,,3,Nb0.7Zr0.18Ti0.12
1249730.cif,Nb0.20Ti0.40V0.20Zr0.20,,4,Ti0.4Nb0.2V0.2Zr0.2
1055681.cif,Nb0.25Ti0.25V0.25Zr0.25,,4,Nb0.25Ti0.25V0.25Zr0.25
1055772.cif,Nb0.25Ti0.25V0.25Zr0.25,,4,Nb0.25Ti0.25V0.25Zr0.25
1965273.cif,Nb0.25Ti0.25V0.25Zr0.25,,4,Nb0.25Ti0.25V0.25Zr0.25
1964285.cif,Nb0.25Ti0.25V0.25Zr0.25,,4,Nb0.25Ti0.25V0.25Zr0.25
1055771.cif,Nb0.33Ti0.33V0.34,,3,V0.34Nb0.33Ti0.33
1965278.cif,Nb0.34Ti0.33V0.33,,3,Nb0.34Ti0.33V0.33
1260557.cif,Nb0.33Ti0.33V0.33,,3,Nb0.334Ti0.333V0.333
1928753.cif,Nb0.20Ti0.80,ht,2,Ti0.8Nb0.2
1823339.cif,Nb0.25Ti0.75,ht,2,Ti0.75Nb0.25
1727284.cif,Nb0.30Ti0.70,ht,2,Ti0.7Nb0.3
1942793.cif,Nb0.33Ti0.67,ht,2,Ti0.67Nb0.33
1030506.cif,Nb0.34Ti0.66,ht,2,Ti0.66Nb0.34
1834978.cif,Nb0.34Ti0.66,ht,2,Ti0.66Nb0.34
1058417.cif,Nb0.50Ti0.50,ht,2,Nb0.5Ti0.5
1054693.cif,Nb0.50Ti0.50,ht,2,Nb0.5Ti0.5
261850.cif,Nb0.50Ti0.50,ht,2,Nb0.5Ti0.5
1010369.cif,Nb0.50Ti0.50,ht,2,Nb0.5Ti0.5
456791.cif,Nb0.50Ti0.50,ht,2,Nb0.5Ti0.5
456871.cif,Nb0.50Ti0.50,ht,2,Nb0.5Ti0.5
1730755.cif,Nb0.70Ti0.30,ht,2,Nb0.7Ti0.3
377393.cif,Nb0.95Ti0.05,ht,2,Nb0.954Ti0.046
455435.cif,Nb0.50Tc0.50,,2,Nb0.5Tc0.5
251219.cif,Nb0.69Tc0.31,,2,Nb0.69Tc0.31
1055737.cif,Nb0.33Ta0.33W0.34,,3,W0.34Nb0.33Ta0.33
302581.cif,Nb0.33Ta0.33W0.34,,3,W0.34Nb0.33Ta0.33
1964296.cif,Nb0.25Ta0.25V0.25W0.25,,4,Nb0.25Ta0.25V0.25W0.25
1920913.cif,Nb0.24Ta0.16V0.60,,3,V0.6Nb0.24Ta0.16
1961913.cif,Nb0.30Ta0.10Ti0.30Zr0.30,,4,Nb0.3Ti0.3Zr0.3Ta0.1
1966527.cif,Nb0.11Ta0.02Ti0.68Zr0.19,,4,Ti0.68Zr0.19Nb0.11Ta0.02
1961182.cif,Nb0.13Ta0.01Ti0.68Zr0.18,,4,Ti0.68Zr0.18Nb0.13Ta0.01
1966444.cif,Nb0.24Ta0.20Ti0.19V0.18Zr0.19,,5,Nb0.24Ta0.2Ti0.19Zr0.19
1964295.cif,Nb0.25Ta0.25Ti0.25V0.25,,4,Nb0.25Ta0.25Ti0.25V0.25
1058422.cif,Nb0.33Ta0.33Ti0.34,,3,Ti0.34Nb0.33Ta0.33
1966033.cif,Nb0.34Ta0.33Ti0.33,,3,Nb0.34Ta0.33Ti0.33
1960942.cif,Nb0.34Ta0.33Ti0.33,,3,Nb0.34Ta0.33Ti0.33
1834551.cif,Nb0.19Ta0.10Ti0.72,,3,Ti0.72Nb0.185Ta0.095
1058419.cif,Nb0.50Ta0.50,,2,Nb0.5Ta0.5
1960941.cif,Nb0.50Ta0.50,,2,Nb0.5Ta0.5
1271674.cif,Nb0.50Ta0.50,,2,Nb0.5Ta0.5
1928791.cif,Nb0.50Ta0.50,,2,Nb0.5Ta0.5
534922.cif,Nb0.50Ta0.50,,2,Nb0.5Ta0.5
261172.cif,Nb0.50Ta0.50,,2,Nb0.5Ta0.5
533805.cif,Nb0.97Sn0.03,,2,Nb0.97Sn0.03
1014001.cif,Nb0.09Si0.04Ti0.87,,3,Ti0.87Nb0.09Si0.04
382468.cif,Nb0.75Si0.25,tf,2,Nb0.75Si0.25
251690.cif,NbSi0,,2,Nb0.999Si0.001
262124.cif,Nb0.60Ru0.40,,2,Nb0.6Ru0.4
250221.cif,Nb0.65Ru0.35,,2,Nb0.65Ru0.35
452485.cif,Nb0.80Rh0.20,,2,Nb0.8Rh0.2
452273.cif,Nb0.81Rh0.19,,2,Nb0.815Rh0.185
1922277.cif,Nb0.40Re0.20V0.40,,3,Nb0.4V0.4Re0.2
1961916.cif,Nb0.30Re0.10Ti0.30Zr0.30,,4,Nb0.3Ti0.3Zr0.3Re0.1
1964294.cif,Nb0.25Re0.25Ta0.25V0.25,,4,Nb0.25Re0.25Ta0.25V0.25
1964291.cif,Nb0.20Re0.20Ta0.20Ti0.20V0.20,,5,Nb0.2Re0.2Ta0.2Ti0.2
310443.cif,Nb0.55Re0.45,,2,Nb0.553Re0.447
250023.cif,Nb0.56Re0.44,,2,Nb0.56Re0.44
534893.cif,Nb0.60Re0.40,,2,Nb0.6Re0.4
452249.cif,Nb0.60Re0.40,,2,Nb0.6Re0.4
535204.cif,Nb0.75Re0.25,,2,Nb0.75Re0.25
1922276.cif,Nb0.80Re0.20,,2,Nb0.8Re0.2
531863.cif,Nb0.90Pt0.10,,2,Nb0.9Pt0.1
261471.cif,Nb0.67Pd0.33,,2,Nb0.67Pd0.33
531886.cif,Nb0.75Pd0.25,,2,Nb0.75Pd0.25
452484.cif,Nb0.80Pd0.20,,2,Nb0.8Pd0.2
1939809.cif,Nb0.85Pd0.15,,2,Nb0.85Pd0.15
450703.cif,Nb0.83Os0.17,,2,Nb0.83Os0.17
1822344.cif,Nb0.85Ni0.07Zr0.08,,3,Nb0.85Zr0.08Ni0.07
1055707.cif,Nb0.15Ni0.08Ti0.46V0.31,,4,Ti0.46V0.31Nb0.15Ni0.08
1260718.cif,Nb0.32Ni0.04Ti0.32V0.32,,4,Ti0.321V0.321Nb0.32Ni0.038
1818694.cif,Nb0.18Ni0.03Ti0.79,,3,Ti0.79Nb0.18Ni0.03
1822340.cif,Nb0.67Ni0.03Ti0.30,,3,Nb0.67Ti0.3Ni0.03
1908306.cif,Nb0.96Ni0.02Sb0.02,,3,Nb0.96Ni0.02Sb0.02
1058415.cif,Nb,,1,Nb
1965753.cif,Nb,,1,Nb
1963123.cif,Nb,,1,Nb
1054692.cif,Nb,,1,Nb
1825472.cif,Nb,,1,Nb
1628925.cif,Nb,,1,Nb
1014707.cif,Nb,,1,Nb
1817059.cif,Nb,,1,Nb
1215974.cif,Nb,,1,Nb
1908305.cif,Nb,,1,Nb
1121648.cif,Nb,,1,Nb
1030505.cif,Nb,,1,Nb
1254096.cif,Nb,,1,Nb
529790.cif,Nb,,1,Nb
456116.cif,Nb,,1,Nb
383016.cif,Nb,,1,Nb
260098.cif,Nb,,1,Nb
261808.cif,Nb,,1,Nb
380421.cif,Nb,,1,Nb
1271672.cif,Nb,,1,Nb
554707.cif,Nb,,1,Nb
311645.cif,Nb,,1,Nb
531030.cif,Nb,,1,Nb
251216.cif,Nb,,1,Nb
1928789.cif,Nb,,1,Nb
1928795.cif,Nb,,1,Nb
1928776.cif,Nb,,1,Nb
1928792.cif,Nb,,1,Nb
1928752.cif,Nb,,1,Nb
1928799.cif,Nb,,1,Nb
250710.cif,Nb,,1,Nb
250699.cif,Nb,,1,Nb
1010366.cif,Nb,,1,Nb
250690.cif,Nb,,1,Nb
452159.cif,Nb,,1,Nb
534841.cif,Nb,,1,Nb
452148.cif,Nb,,1,Nb
534145.cif,Nb,,1,Nb
533807.cif,Nb,,1,Nb
527280.cif,Nb,,1,Nb
250220.cif,Nb,,1,Nb
533317.cif,Nb,,1,Nb
452262.cif,Nb,,1,Nb
261443.cif,Nb,,1,Nb
455434.cif,Nb,,1,Nb
534894.cif,Nb,,1,Nb
250098.cif,Nb,,1,Nb
1300517.cif,Nb,,1,Nb
252195.cif,Nb,,1,Nb
534923.cif,Nb,,1,Nb
535075.cif,Nb,,1,Nb
535085.cif,Nb,,1,Nb
1703903.cif,Nb,,1,Nb
456800.cif,Nb,,1,Nb
1703888.cif,Nb,,1,Nb
1703898.cif,Nb,,1,Nb
311287.cif,Nb,,1,Nb
553654.cif,Nb,,1,Nb
456874.cif,Nb,,1,Nb
261170.cif,Nb,,1,Nb
1939122.cif,Nb,,1,Nb
1341707.cif,Na,rt,1,Na
1254068.cif,Na,rt,1,Na
1840577.cif,Na,rt,1,Na
559064.cif,Na,rt,1,Na
557550.cif,Na,rt,1,Na
455921.cif,Na,rt,1,Na
1301692.cif,Na,rt,1,Na
526887.cif,Na,rt,1,Na
1715168.cif,Na,rt,1,Na
1602680.cif,Na,rt,1,Na
1603282.cif,Na,rt,1,Na
304939.cif,Mo0.04Zr0.96,ht,2,Zr0.96Mo0.04
1928759.cif,Mo0.10Zr0.90,ht,2,Zr0.9Mo0.1
558464.cif,Mo0.13Zr0.87,ht,2,Zr0.87Mo0.13
530374.cif,Mo0.53Zr0.47,ht,2,Mo0.53Zr0.47
260278.cif,Mo0.67Zr0.33,ht,2,Mo0.67Zr0.33
450266.cif,Mo0.67Zr0.33,ht,2,Mo0.67Zr0.33
1928760.cif,Mo0.85Zr0.15,,2,Mo0.85Zr0.15
1726966.cif,Mo0.90Zr0.10,,2,Mo0.9Zr0.1
261267.cif,Mo0.93Zr0.08,,2,Mo0.925Zr0.075
1925060.cif,Mo0.95Zr0.05,,2,Mo0.95Zr0.05
1011076.cif,MoZr0,,2,Mo0.996Zr0.004
1715411.cif,Mo0.27W0.73,,2,W0.73Mo0.27
1928813.cif,Mo0.40W0.60,,2,W0.6Mo0.4
534827.cif,Mo0.50W0.50,,2,Mo0.5W0.5
250389.cif,Mo0.50W0.50,,2,Mo0.5W0.5
305027.cif,Mo0.50W0.50,,2,Mo0.5W0.5
261173.cif,Mo0.50W0.50,,2,Mo0.5W0.5
1922278.cif,Mo0.50V0.50,,2,Mo0.5V0.5
1928785.cif,Mo0.50V0.50,,2,Mo0.5V0.5
534166.cif,Mo0.50V0.50,,2,Mo0.5V0.5
261265.cif,Mo0.50V0.50,,2,Mo0.5V0.5
1213999.cif,Mo0.60V0.40,,2,Mo0.6V0.4
1435159.cif,Mo0.10U0.87Zr0.03,,3,U0.87Mo0.1Zr0.03
1435160.cif,Mo0.13U0.87,ht,2,U0.87Mo0.13
1828476.cif,Mo0.15U0.85,ht,2,U0.85Mo0.15
1500469.cif,Mo0.31U0.69,ht,2,U0.688Mo0.312
1720727.cif,Mo0.35U0.65,ht,2,U0.65Mo0.35
1726967.cif,Mo0.33Ti0.17Zr0.50,,3,Zr0.5Mo0.33Ti0.17
460834.cif,Mo0.67Ti0.17Zr0.16,,3,Mo0.67Ti0.17Zr0.16
1607485.cif,Mo0.17Ti0W0.82Y0,,4,W0.82Mo0.174Ti0.004Y0.002
1536459.cif,Mo0.09Ti0.89W0.02,,3,Ti0.893Mo0.086W0.021
1030513.cif,Mo0.15Ti0.80W0.05,,3,Ti0.8Mo0.15W0.05
1030514.cif,Mo0.21Ti0.58V0.21,,3,Ti0.58Mo0.21V0.21
1435155.cif,Mo0.12Ti0.10U0.78,,3,U0.78Mo0.12Ti0.1
1825390.cif,Mo0.52Ti0.38U0.10,,3,Mo0.523Ti0.381U0.096
1615211.cif,Mo0.06Ti0.94,ht,2,Ti0.94Mo0.06
1928757.cif,Mo0.10Ti0.90,ht,2,Ti0.9Mo0.1
1961296.cif,Mo0.23Ti0.77,ht,2,Ti0.77Mo0.23
1014646.cif,Mo0.25Ti0.75,ht,2,Ti0.75Mo0.25
1030508.cif,Mo0.25Ti0.75,ht,2,Ti0.75Mo0.25
1218600.cif,Mo0.33Ti0.67,ht,2,Ti0.67Mo0.33
1009679.cif,Mo0.40Ti0.60,ht,2,Ti0.6Mo0.4
534838.cif,Mo0.50Ti0.50,ht,2,Mo0.5Ti0.5
456872.cif,Mo0.50Ti0.50,ht,2,Mo0.5Ti0.5
450262.cif,Mo0.67Ti0.33,ht,2,Mo0.67Ti0.33
1615212.cif,Mo0.68Ti0.32,ht,2,Mo0.68Ti0.32
534557.cif,Mo0.98Te0.02,,2,Mo0.98Te0.02
554359.cif,Mo0.50Tc0.50,,2,Mo0.5Tc0.5
456387.cif,Mo0.50Tc0.50,,2,Mo0.5Tc0.5
529730.cif,Mo0.50Tc0.50,,2,Mo0.5Tc0.5
302578.cif,Mo0.34Ta0.33W0.33,,3,Mo0.34Ta0.33W0.33
1963098.cif,Mo0.47Ta0.35Ti0.02Zr0.16,,4,Mo0.47Ta0.35Zr0.16Ti0.02
1030512.cif,Mo0.24Ta0.05Ti0.71,,3,Ti0.71Mo0.24Ta0.05
457968.cif,Mo0.50Ta0.50,,2,Mo0.5Ta0.5
453054.cif,Mo0.50Ta0.50,,2,Mo0.5Ta0.5
534332.cif,Mo0.50Ta0.50,,2,Mo0.5Ta0.5
261177.cif,Mo0.50Ta0.50,,2,Mo0.5Ta0.5
1928806.cif,Mo0.60Ta0.40,,2,Mo0.6Ta0.4
309032.cif,Mo0.96Ta0.04,,2,Mo0.96Ta0.04
304938.cif,Mo0.02Sn0.02Zr0.96,ht,3,Zr0.96Mo0.02Sn0.02
1623790.cif,Mo0.75Sn0.25,ht-hp2,2,Mo0.75Sn0.25
539722.cif,Mo0.67Si0.08Zr0.25,,3,Mo0.67Zr0.25Si0.08
1963099.cif,Mo0.46Si0.02Ta0.34Ti0.02Zr0.16,,5,Mo0.46Ta0.34Zr0.16Si0.02
534558.cif,Mo0.98Se0.02,,2,Mo0.98Se0.02
534559.cif,Mo0.98S0.02,,2,Mo0.98S0.02
260716.cif,Mo0.70Ru0.30,,2,Mo0.7Ru0.3
1804455.cif,Mo0.92Ru0.08,,2,Mo0.921Ru0.079
530712.cif,Mo0.65Rh0.35,,2,Mo0.65Rh0.35
458682.cif,Mo0.85Rh0.15,,2,Mo0.85Rh0.15
1922280.cif,Mo0.40Re0.20V0.40,,3,Mo0.4V0.4Re0.2
310446.cif,Mo0.57Re0.43,,2,Mo0.57Re0.43
1537281.cif,Mo0.60Re0.40,,2,Mo0.6Re0.4
457184.cif,Mo0.60Re0.40,,2,Mo0.6Re0.4
304923.cif,Mo0.60Re0.40,,2,Mo0.6Re0.4
535178.cif,Mo0.62Re0.38,,2,Mo0.62Re0.38
1823995.cif,Mo0.67Re0.33,,2,Mo0.67Re0.33
1944631.cif,Mo0.70Re0.30,,2,Mo0.7Re0.3
1833949.cif,Mo0.75Re0.25,,2,Mo0.75Re0.25
1210865.cif,Mo0.75Re0.25,,2,Mo0.75Re0.25
1922279.cif,Mo0.80Re0.20,,2,Mo0.8Re0.2
309031.cif,Mo0.92Re0.08,,2,Mo0.92Re0.08
1821337.cif,Mo0.22Pu0.13U0.65,,3,U0.65Mo0.22Pu0.13
251698.cif,Mo0.85Pt0.15,,2,Mo0.85Pt0.15
1928074.cif,Mo0.98Pt0.02,,2,Mo0.98Pt0.02
1056435.cif,Mo0.42Pd0.02W0.56,,3,W0.56Mo0.42Pd0.02
1803207.cif,Mo0.90Pd0.02Ru0.08,,3,Mo0.9Ru0.08Pd0.02
1933579.cif,Mo0.33Pd0.67,m,2,Pd0.67Mo0.33
458683.cif,Mo0.95Pd0.05,,2,Mo0.95Pd0.05
1832001.cif,Mo0.92Pb0.08,tf,2,Mo0.92Pb0.08
461127.cif,Mo0.45Os0.10W0.45,,3,Mo0.45W0.45Os0.1
250054.cif,Mo0.86Os0.14,,2,Mo0.86Os0.14
1951065.cif,Mo0.08Ni0.01Zr0.91,ht,3,Zr0.91Mo0.08Ni0.01
1951060.cif,Mo0.94Ni0.02Zr0.04,,3,Mo0.94Zr0.04Ni0.02
1617263.cif,Mo0.40Ni0.20Ti0.40,,3,Mo0.4Ti0.4Ni0.2
1617269.cif,Mo0.90Ni0.02Ti0.08,,3,Mo0.9Ti0.08Ni0.02
1944622.cif,Mo0.88Ni0.02Re0.10,,3,Mo0.88Re0.1Ni0.02
1944630.cif,Mo0.98Ni0.02,,2,Mo0.98Ni0.02
1617270.cif,Mo0.98Ni0.02,,2,Mo0.98Ni0.02
250217.cif,Mo0.98Ni0.02,,2,Mo0.98Ni0.02
1011082.cif,Mo0.20Nb0.60Zr0.20,,3,Nb0.6Mo0.2Zr0.2
1922092.cif,Mo0.05Nb0.05Zr0.90,,3,Zr0.903Nb0.049Mo0.048
302580.cif,Mo0.34Nb0.33W0.33,,3,Mo0.34Nb0.33W0.33
461095.cif,Mo0.20Nb0.20U0.60,,3,U0.6Mo0.2Nb0.2
1825389.cif,Mo0.63Nb0.36U0.02,,3,Mo0.628Nb0.356U0.016
1055682.cif,Mo0.10Nb0.15Ti0.50Zr0.25,,4,Ti0.5Zr0.25Nb0.15Mo0.1
1965601.cif,Mo0.25Nb0.25Ti0.25Zr0.25,,4,Mo0.25Nb0.25Ti0.25Zr0.25
1964293.cif,Mo0.25Nb0.25Ti0.25V0.25,,4,Mo0.25Nb0.25Ti0.25V0.25
1965600.cif,Mo0.34Nb0.33Ti0.33,,3,Mo0.34Nb0.33Ti0.33
1030511.cif,Mo0.23Nb0.18Ti0.59,,3,Ti0.59Mo0.23Nb0.18
1905188.cif,Mo0.27Nb0.07Ti0.66,,3,Ti0.66Mo0.27Nb0.07
1055738.cif,Mo0.25Nb0.25Ta0.25W0.25,,4,Mo0.25Nb0.25Ta0.25W0.25
1965647.cif,Mo0.25Nb0.25Ta0.25W0.25,,4,Mo0.25Nb0.25Ta0.25W0.25
1966542.cif,Mo0.15Nb0.35Ta0.35V0.05W0.10,,5,Nb0.35Ta0.35Mo0.15W0.1
1960995.cif,Mo0.15Nb0.35Ta0.35V0.05W0.10,,5,Nb0.35Ta0.35Mo0.15W0.1
1965404.cif,Mo0.20Nb0.20Ta0.20V0.20W0.20,,5,Mo0.2Nb0.2Ta0.2V0.2
1964292.cif,Mo0.25Nb0.25Ta0.25V0.25,,4,Mo0.25Nb0.25Ta0.25V0.25
1964288.cif,'Mo0.17Nb0.17Ta0.17Ti0.17V0.16W0.16',,6,Mo0.17Nb0.17Ta0.17Ti0.17
1964290.cif,Mo0.20Nb0.20Ta0.20Ti0.20V0.20,,5,Mo0.2Nb0.2Ta0.2Ti0.2
302579.cif,Mo0.33Nb0.33Ta0.34,,3,Ta0.34Mo0.33Nb0.33
1964289.cif,Mo0.20Nb0.20Re0.20Ta0.20W0.20,,5,Mo0.2Nb0.2Re0.2Ta0.2
1964287.cif,'Mo0.17Nb0.17Re0.17Ta0.17V0.16W0.16',,6,Mo0.17Nb0.17Re0.17Ta0.17
1964286.cif,'Mo0.15Nb0.15Re0.14Ta0.14Ti0.14V0.14W0.14',,7,Mo0.15Nb0.15Re0.14Ta0.14
1922282.cif,Mo0.40Nb0.40Re0.20,,3,Mo0.4Nb0.4Re0.2
1939811.cif,Mo0.20Nb0.64Pd0.16,,3,Nb0.64Mo0.2Pd0.16
1501047.cif,Mo0.05Nb0.95,,2,Nb0.95Mo0.05
1928797.cif,Mo0.30Nb0.70,,2,Nb0.7Mo0.3
1011083.cif,Mo0.39Nb0.61,,2,Nb0.61Mo0.39
527286.cif,Mo0.48Nb0.52,,2,Nb0.52Mo0.48
1967449.cif,Mo0.50Nb0.50,,2,Nb0.502Mo0.498
1922281.cif,Mo0.50Nb0.50,,2,Mo0.5Nb0.5
250698.cif,Mo0.50Nb0.50,,2,Mo0.5Nb0.5
250713.cif,Mo0.50Nb0.50,,2,Mo0.5Nb0.5
452160.cif,Mo0.50Nb0.50,,2,Mo0.5Nb0.5
250106.cif,Mo0.50Nb0.50,,2,Mo0.5Nb0.5
261175.cif,Mo0.50Nb0.50,,2,Mo0.5Nb0.5
554709.cif,Mo0.52Nb0.48,,2,Mo0.516Nb0.484
534839.cif,Mo0.52Nb0.48,,2,Mo0.52Nb0.48
1054342.cif,Mo,,1,Mo
1962402.cif,Mo,,1,Mo
1956753.cif,Mo,,1,Mo
1950076.cif,Mo,,1,Mo
1949632.cif,Mo,,1,Mo
1832000.cif,Mo,,1,Mo
1831459.cif,Mo,,1,Mo
1933225.cif,Mo,,1,Mo
1323467.cif,Mo,,1,Mo
1323471.cif,Mo,,1,Mo
1831100.cif,Mo,,1,Mo
313786.cif,Mo,,1,Mo
1210794.cif,Mo,,1,Mo
260171.cif,Mo,,1,Mo
546208.cif,Mo,,1,Mo
554360.cif,Mo,,1,Mo
1214004.cif,Mo,,1,Mo
554708.cif,Mo,,1,Mo
309030.cif,Mo,,1,Mo
457970.cif,Mo,,1,Mo
1928758.cif,Mo,,1,Mo
1928767.cif,Mo,,1,Mo
1928761.cif,Mo,,1,Mo
1928805.cif,Mo,,1,Mo
1928796.cif,Mo,,1,Mo
1928812.cif,Mo,,1,Mo
534555.cif,Mo,,1,Mo
534556.cif,Mo,,1,Mo
250709.cif,Mo,,1,Mo
452158.cif,Mo,,1,Mo
250697.cif,Mo,,1,Mo
534840.cif,Mo,,1,Mo
453052.cif,Mo,,1,Mo
250388.cif,Mo,,1,Mo
527281.cif,Mo,,1,Mo
250190.cif,Mo,,1,Mo
453847.cif,Mo,,1,Mo
250121.cif,Mo,,1,Mo
1210864.cif,Mo,,1,Mo
261440.cif,Mo,,1,Mo
1012697.cif,Mo,,1,Mo
529731.cif,Mo,,1,Mo
534168.cif,Mo,,1,Mo
305024.cif,Mo,,1,Mo
250097.cif,Mo,,1,Mo
304922.cif,Mo,,1,Mo
458684.cif,Mo,,1,Mo
1040273.cif,Mo,,1,Mo
458727.cif,Mo,,1,Mo
534333.cif,Mo,,1,Mo
456885.cif,Mo,,1,Mo
456873.cif,Mo,,1,Mo
311289.cif,Mo,,1,Mo
535031.cif,Mo,,1,Mo
261168.cif,Mo,,1,Mo
1715410.cif,Mo,,1,Mo
1324324.cif,Mo,,1,Mo
1324292.cif,Mo,,1,Mo
1602683.cif,Mo,,1,Mo
534812.cif,Mn0.50V0.50,,2,Mn0.5V0.5
1929622.cif,Mn0.53V0.47,,2,Mn0.53V0.47
1301755.cif,Mn0.56V0.44,,2,Mn0.565V0.435
1724348.cif,Mn0.07Ti0.64Zr0.29,cub,3,Ti0.644Zr0.29Mn0.066
1923904.cif,Mn0.07Ti0.64Zr0.29,cub,3,Ti0.64Zr0.29Mn0.07
1216750.cif,Mn0.05Ti0.36V0.59,,3,V0.593Ti0.36Mn0.047
1823281.cif,Mn0.13Ti0.33V0.53,,3,V0.533Ti0.333Mn0.134
1637300.cif,Mn0.27Ti0.40V0.33,,3,Ti0.4V0.33Mn0.27
1836454.cif,Mn0.25Ti0.37V0.38,,3,V0.38Ti0.37Mn0.25
1819799.cif,Mn0.27Ti0.33V0.40,,3,V0.4Ti0.333Mn0.267
1946236.cif,Mn0.30Ti0.33V0.37,,3,V0.37Ti0.33Mn0.3
1933484.cif,Mn0.30Ti0.33V0.37,,3,V0.37Ti0.33Mn0.3
1926406.cif,Mn0.33Ti0.33V0.33,,3,V0.338Mn0.327Ti0.336
1233435.cif,Mn0.20Ti0.20V0.60,,3,V0.6Mn0.2Ti0.2
1233438.cif,Mn0.20Ti0.20V0.60,,3,V0.6Mn0.2Ti0.2
456814.cif,Mn0.10Ti0.90,ht,2,Ti0.9Mn0.1
1823118.cif,Mn0.15Ti0.85,ht,2,Ti0.85Mn0.15
1823108.cif,Mn0.15Ti0.85,ht,2,Ti0.85Mn0.15
1932519.cif,Mn0.07Sn0.03Ti0.90,,3,Ti0.9Mn0.07Sn0.03
1011022.cif,Mn0.75Si0.25,ht,2,Mn0.75Si0.25
1928085.cif,Mn0.14Ni0.13Ti0.13V0.59Zr0.01,,5,V0.59Mn0.14Ni0.13Ti0.13
1725418.cif,Mn0.40Ni0.50Sn0.10,ht,3,Ni0.5Mn0.4Sn0.1
1961054.cif,Mn0.46Ni0.43Sn0.11,ht,3,Mn0.46Ni0.43Sn0.11
534304.cif,Mn0.50Ni0.50,ht2,2,Mn0.5Ni0.5
1818691.cif,Mn0.03Nb0.18Ti0.79,,3,Ti0.79Nb0.18Mn0.03
1928087.cif,'Mn0.05Mo0.26Ni0.03Ti0.08V0.34Zr0.24',,6,V0.34Mo0.26Zr0.24Ti0.08
261266.cif,Mn0.15Mo0.85,,2,Mo0.85Mn0.15
1617205.cif,Mn,ht3,1,Mn
1022941.cif,Mg0.30Tm0.70,ht,2,Tm0.7Mg0.3
527175.cif,Mg0.30Tm0.70,ht,2,Tm0.7Mg0.3
1824097.cif,Mg0.23Ti0.77,m2,2,Ti0.77Mg0.23
1270669.cif,Mg0.25Ti0.75,m2,2,Ti0.75Mg0.25
1824090.cif,Mg0.26Ti0.74,m2,2,Ti0.74Mg0.26
1824091.cif,Mg0.51Ti0.49,m2,2,Mg0.51Ti0.49
1824092.cif,Mg0.55Ti0.45,m2,2,Mg0.55Ti0.45
1824095.cif,Mg0.55Ti0.45,m2,2,Mg0.55Ti0.45
1824093.cif,Mg0.80Ti0.20,m2,2,Mg0.8Ti0.2
527179.cif,Mg0.30Tb0.70,ht,2,Tb0.7Mg0.3
1961165.cif,Mg0.43Ta0.06Ti0.51,,3,Ti0.51Mg0.43Ta0.06
1219831.cif,Mg0.65Sc0.35,rt,2,Mg0.65Sc0.35
1815337.cif,Mg0.33Ni0.33Ti0.33,,3,Mg0.334Ni0.333Ti0.333
1270704.cif,Mg0.75Nb0.25,tf,2,Mg0.75Nb0.25
1933106.cif,Mg,hp,1,Mg
312553.cif,Mg,hp,1,Mg
527181.cif,Lu0.70Mg0.30,ht,2,Lu0.7Mg0.3
527161.cif,Lu,stab,1,Lu
453001.cif,Li0.30Mg0.70,rt,2,Mg0.7Li0.3
1925063.cif,Li0.50Mg0.50,rt,2,Li0.5Mg0.5
452999.cif,Li0.50Mg0.50,rt,2,Li0.5Mg0.5
1961034.cif,Li0.90Mg0.10,rt,2,Li0.9Mg0.1
456060.cif,Li0.90Mg0.10,rt,2,Li0.9Mg0.1
1961033.cif,Li,rt,1,Li
557621.cif,Li,rt,1,Li
557623.cif,Li,rt,1,Li
557549.cif,Li,rt,1,Li
1215178.cif,Li,rt,1,Li
456061.cif,Li,rt,1,Li
1300516.cif,Li,rt,1,Li
455990.cif,Li,rt,1,Li
1021370.cif,Li,rt,1,Li
1021368.cif,Li,rt,1,Li
1021369.cif,Li,rt,1,Li
1301694.cif,Li,rt,1,Li
452998.cif,Li,rt,1,Li
1603293.cif,Li,rt,1,Li
1715167.cif,Li,rt,1,Li
1625773.cif,Li,rt,1,Li
1602679.cif,Li,rt,1,Li
1603283.cif,Li,rt,1,Li
1047953.cif,La0.02Y0.98,ht,2,Y0.98La0.02
1020443.cif,La0Ni0.08V0.92,,3,V0.92Ni0.079La0.001
531843.cif,La0.80Mg0.20,ht2,2,La0.8Mg0.2
531845.cif,La,ht2,1,La
1012733.cif,La,ht2,1,La
1214736.cif,K,,1,K
1301697.cif,K,,1,K
526886.cif,K,,1,K
1715169.cif,K,,1,K
1925064.cif,K,,1,K
533332.cif,Ir0.01W0.99,,2,W0.99Ir0.01
250743.cif,Ir0.20V0.80,,2,V0.8Ir0.2
452261.cif,Ir0.07Nb0.93,,2,Nb0.93Ir0.07
452037.cif,Ir0.10Mo0.90,,2,Mo0.9Ir0.1
261112.cif,In0.25Tl0.75,ht,2,Tl0.75In0.25
456895.cif,In0.25Tl0.75,ht,2,Tl0.75In0.25
461153.cif,In0.50Sb0.15Te0.35,,3,In0.5Te0.35Sb0.15
532138.cif,In0.20Ni0.80,m,2,Ni0.8In0.2
1623894.cif,In0.25Nb0.75,,2,Nb0.75In0.25
527177.cif,Ho0.70Mg0.30,ht,2,Ho0.7Mg0.3
527164.cif,Ho,stab,1,Ho
450328.cif,Hg0.15Tl0.85,m,2,Tl0.85Hg0.15
1954664.cif,Hg0.50Te0.50,hp6,2,Hg0.5Te0.5
460835.cif,Hf0.17W0.67Zr0.16,ht,3,W0.67Hf0.17Zr0.16
1928774.cif,Hf0.05W0.96,,2,W0.955Hf0.045
260126.cif,Hf0.33W0.67,ht,2,W0.67Hf0.33
450263.cif,Hf0.33W0.67,ht,2,W0.67Hf0.33
533454.cif,Hf0.01V0.99,,2,V0.99Hf0.01
533457.cif,Hf0.05V0.95,,2,V0.95Hf0.05
460831.cif,Hf0.16Ti0.17W0.67,ht,3,W0.67Ti0.17Hf0.16
1965275.cif,Hf0.25Ti0.25V0.25Zr0.25,,4,Hf0.25Ti0.25V0.25Zr0.25
1965279.cif,Hf0.34Ti0.33V0.33,,3,Hf0.34Ti0.33V0.33
1058449.cif,Hf0.26Ta0.31Ti0.22Zr0.21,cub,4,Ta0.31Hf0.26Ti0.22Zr0.21
1055854.cif,Hf0.25Ta0.25Ti0.25Zr0.25,cub,4,Hf0.25Ta0.25Ti0.25Zr0.25
1058434.cif,Hf0.31Ta0.11Ti0.21Zr0.37,cub,4,Zr0.37Hf0.31Ti0.21Ta0.11
531897.cif,Hf0.50Ta0.50,,2,Hf0.5Ta0.5
302347.cif,Hf0.17Si0.17W0.66,ht,3,W0.66Hf0.17Si0.17
1701096.cif,Hf0.88Re0.12,ht,2,Hf0.88Re0.12
1923698.cif,Hf0.08Pu0.92,ht5,2,Pu0.92Hf0.08
1606300.cif,Hf0.93Pt0.07,ht,2,Hf0.93Pt0.07
1815105.cif,Hf0Ni0.05Ti0.19V0.75,,4,V0.752Ti0.194Ni0.053Hf0.001
1834949.cif,Hf0.04Ni0.12Ti0.12V0.72,,4,V0.723Ni0.119Ti0.115Hf0.043
1804526.cif,Hf0.02Ni0.03Ti0.19V0.76,,4,V0.765Ti0.185Ni0.032Hf0.018
1730760.cif,Hf0.18Nb0.70Zr0.12,,3,Nb0.7Hf0.18Zr0.12
1965284.cif,Hf0.34Nb0.33Zr0.33,,3,Hf0.34Nb0.33Zr0.33
461125.cif,Hf0.40Nb0.30Zr0.30,,3,Hf0.4Nb0.3Zr0.3
1965277.cif,Hf0.25Nb0.25V0.25Zr0.25,,4,Hf0.25Nb0.25V0.25Zr0.25
1965283.cif,Hf0.34Nb0.33V0.33,,3,Hf0.34Nb0.33V0.33
1730761.cif,Hf0.12Nb0.70Ti0.06Zr0.12,,4,Nb0.7Hf0.12Zr0.12Ti0.06
1260687.cif,Hf0.20Nb0.40Ti0.20Zr0.20,,4,Nb0.4Hf0.2Ti0.2Zr0.2
1058451.cif,Hf0.25Nb0.25Ti0.25Zr0.25,,4,Hf0.25Nb0.25Ti0.25Zr0.25
1965276.cif,Hf0.25Nb0.25Ti0.25Zr0.25,,4,Hf0.25Nb0.25Ti0.25Zr0.25
1964284.cif,Hf0.25Nb0.25Ti0.25Zr0.25,,4,Hf0.25Nb0.25Ti0.25Zr0.25
1961132.cif,Hf0.25Nb0.25Ti0.25Zr0.25,,4,Hf0.25Nb0.25Ti0.25Zr0.25
1245904.cif,Hf0.25Nb0.25Ti0.25Zr0.25,,4,Hf0.25Nb0.25Ti0.25Zr0.25
1965272.cif,Hf0.20Nb0.20Ti0.20V0.20Zr0.20,ht,5,Hf0.2Nb0.2Ti0.2V0.2
1055773.cif,Hf0.20Nb0.20Ti0.20V0.20Zr0.20,ht,5,Hf0.2Nb0.2Ti0.2V0.2
1966034.cif,Hf0.20Nb0.20Ti0.20V0.20Zr0.20,ht,5,Hf0.2Nb0.2Ti0.2V0.2
1965931.cif,Hf0.20Nb0.20Ti0.20V0.20Zr0.20,ht,5,Hf0.2Nb0.2Ti0.2V0.2
1248535.cif,Hf0.20Nb0.20Ti0.20V0.20Zr0.20,ht,5,Hf0.2Nb0.2Ti0.2V0.2
1957009.cif,Hf0.20Nb0.20Ti0.20V0.20Zr0.20,ht,5,Hf0.2Nb0.2Ti0.2V0.2
1965274.cif,Hf0.25Nb0.25Ti0.25V0.25,,4,Hf0.25Nb0.25Ti0.25V0.25
1730759.cif,Hf0.18Nb0.70Ti0.12,,3,Nb0.7Hf0.18Ti0.12
1054694.cif,Hf0.33Nb0.33Ti0.33,,3,Hf0.334Nb0.333Ti0.333
1965281.cif,Hf0.34Nb0.33Ti0.33,,3,Hf0.34Nb0.33Ti0.33
1725416.cif,Hf0.25Nb0.25Ta0.25Zr0.25,,4,Hf0.25Nb0.25Ta0.25Zr0.25
1952208.cif,Hf0.26Nb0.25Ta0.25Zr0.24,,4,Hf0.26Nb0.25Ta0.25Zr0.24
1241040.cif,Hf0.08Nb0.33Ta0.34Ti0.11Zr0.14,,5,Ta0.34Nb0.33Zr0.14Ti0.11
1248215.cif,Hf0.08Nb0.33Ta0.34Ti0.11Zr0.14,,5,Ta0.34Nb0.33Zr0.14Ti0.11
1243502.cif,Hf0.09Nb0.33Ta0.33Ti0.12Zr0.13,,5,Nb0.334Ta0.331Zr0.131Ti0.119
1965420.cif,Hf0.11Nb0.25Ta0.33Ti0.21Zr0.10,,5,Ta0.33Nb0.25Ti0.21Hf0.11
1952207.cif,Hf0.20Nb0.21Ta0.20Ti0.19Zr0.20,,5,Nb0.21Hf0.2Ta0.2Zr0.2
1967369.cif,Hf0.20Nb0.20Ta0.20Ti0.20Zr0.20,,5,Hf0.2Nb0.2Ta0.2Ti0.2
1963187.cif,Hf0.20Nb0.20Ta0.20Ti0.20Zr0.20,,5,Hf0.2Nb0.2Ta0.2Ti0.2
1054696.cif,Hf0.20Nb0.20Ta0.20Ti0.20Zr0.20,,5,Hf0.2Nb0.2Ta0.2Ti0.2
1964283.cif,Hf0.20Nb0.20Ta0.20Ti0.20Zr0.20,,5,Hf0.2Nb0.2Ta0.2Ti0.2
1961251.cif,Hf0.20Nb0.20Ta0.20Ti0.20Zr0.20,,5,Hf0.2Nb0.2Ta0.2Ti0.2
1826229.cif,Hf0.20Nb0.20Ta0.20Ti0.20Zr0.20,,5,Hf0.2Nb0.2Ta0.2Ti0.2
1959452.cif,'Hf0.08Nb0.25Ta0.25Ti0.09W0.29Zr0.04',,6,W0.29Nb0.25Ta0.25Ti0.09
1967370.cif,'Hf0.17Nb0.17Ta0.17Ti0.17W0.16Zr0.16',,6,Hf0.17Nb0.17Ta0.17Ti0.17
1054695.cif,Hf0.25Nb0.25Ta0.25Ti0.25,,4,Hf0.25Nb0.25Ta0.25Ti0.25
1960944.cif,Hf0.25Nb0.25Ta0.25Ti0.25,,4,Hf0.25Nb0.25Ta0.25Ti0.25
1960943.cif,Hf0.34Nb0.33Ta0.33,,3,Hf0.34Nb0.33Ta0.33
1965597.cif,Hf0.25Nb0.24Sn0.14Ti0.24Zr0.13,,5,Hf0.25Nb0.24Ti0.24Sn0.14
1057194.cif,Hf0.10Nb0.60Re0.10Ti0.10Zr0.10,,5,Nb0.6Hf0.1Re0.1Ti0.1
1957257.cif,Hf0.20Nb0.20Re0.20Ti0.20Zr0.20,,5,Hf0.2Nb0.2Re0.2Ti0.2
1837123.cif,Hf0.03Nb0.97,,2,Nb0.972Hf0.028
250712.cif,Hf0.22Nb0.78,,2,Nb0.78Hf0.22
1730757.cif,Hf0.30Nb0.70,,2,Nb0.7Hf0.3
1058418.cif,Hf0.50Nb0.50,,2,Hf0.5Nb0.5
250232.cif,Hf0.50Nb0.50,,2,Hf0.5Nb0.5
1929365.cif,Hf0.68Nb0.32,,2,Hf0.68Nb0.32
532109.cif,Hf0.70Nb0.30,,2,Hf0.7Nb0.3
553652.cif,Hf0.70Nb0.30,,2,Hf0.7Nb0.3
460836.cif,Hf0.17Mo0.67Zr0.16,ht,3,Mo0.67Hf0.17Zr0.16
460832.cif,Hf0.17Mo0.67Ti0.16,ht,3,Mo0.67Hf0.17Ti0.16
1833924.cif,Hf0.20Mo0.20Ta0.20Ti0.20Zr0.20,,5,Hf0.2Mo0.2Ta0.2Ti0.2
460915.cif,Hf0.23Mo0.67Si0.10,,3,Mo0.67Hf0.23Si0.1
1055857.cif,Hf0.20Mo0.20Nb0.20Ti0.20Zr0.20,,5,Hf0.2Mo0.2Nb0.2Ti0.2
1052135.cif,Hf0.20Mo0.20Nb0.20Ti0.20Zr0.20,,5,Hf0.2Mo0.2Nb0.2Ti0.2
1967428.cif,Hf0.21Mo0.20Nb0.20Ti0.19Zr0.20,,5,Hf0.21Mo0.2Nb0.2Zr0.2
1833925.cif,'Hf0.17Mo0.17Nb0.17Ta0.17Ti0.17Zr0.17',,6,Hf0.167Ta0.167Ti0.167Zr0.167
1959453.cif,'Hf0.16Mo0.15Nb0.13Ta0.13Ti0.16W0.07Zr0.20',,7,Zr0.2Hf0.16Ti0.16Mo0.15
1055858.cif,'Hf0.20Mo0.20Nb0.20Pt0Ti0.20Zr0.20',,6,Hf0.2Zr0.2Mo0.199Nb0.199
1055859.cif,'Hf0.20Mo0.20Nb0.20Pd0Ti0.20Zr0.20',,6,Hf0.2Zr0.2Mo0.199Nb0.199
250042.cif,Hf0.20Mo0.80,,2,Mo0.8Hf0.2
1928766.cif,Hf0.24Mo0.76,,2,Mo0.76Hf0.24
260172.cif,Hf0.33Mo0.67,m,2,Mo0.67Hf0.33
450265.cif,Hf0.33Mo0.67,m,2,Mo0.67Hf0.33
530375.cif,Hf0.52Mo0.48,ht,2,Hf0.52Mo0.48
1830959.cif,Hf0.57Mo0.43,ht,2,Hf0.57Mo0.43
250043.cif,Hf0.60Mo0.40,ht,2,Hf0.6Mo0.4
1627224.cif,Hf0.70Mo0.30,ht,2,Hf0.7Mo0.3
1928765.cif,Hf0.73Mo0.27,ht,2,Hf0.73Mo0.27
457088.cif,Hf0.80Mo0.20,ht,2,Hf0.8Mo0.2
1058442.cif,Hf0.90Mo0.10,ht,2,Hf0.9Mo0.1
1012752.cif,Hf,ht,1,Hf
1012699.cif,Hf,ht,1,Hf
553653.cif,Hf,ht,1,Hf
1300486.cif,He,hp-bcc?,1,He
1927398.cif,He,hp-bcc?,1,He
1603266.cif,He,hp-bcc?,1,He
1021557.cif,Ge0.02Ta0.20V0.78,,3,V0.782Ta0.201Ge0.017
1238477.cif,Ge0.22Sb0.22Te0.56,hp,3,Te0.56Ge0.22Sb0.22
1823649.cif,Ge0.22Sb0.22Te0.56,hp,3,Te0.5556Ge0.2222Sb0.2222
261683.cif,Ge0.16Pd0.84,ht,2,Pd0.84Ge0.16
528854.cif,Ge0.16Pd0.84,ht,2,Pd0.84Ge0.16
450105.cif,Ge0.17Pd0.83,ht,2,Pd0.83Ge0.17
450437.cif,Ge0.10Nb0.90,,2,Nb0.9Ge0.1
539720.cif,Ge0.07Mo0.67Zr0.27,ht,3,Mo0.667Zr0.266Ge0.067
460913.cif,Ge0.10Hf0.23Mo0.67,ht,3,Mo0.67Hf0.23Ge0.1
1300640.cif,Gd0.01Nb0.99,,2,Nb0.99Gd0.01
531844.cif,Gd0.70Mg0.30,ht,2,Gd0.7Mg0.3
527180.cif,Gd0.70Mg0.30,ht,2,Gd0.7Mg0.3
1819806.cif,Gd,ht,1,Gd
531846.cif,Gd,ht,1,Gd
527167.cif,Gd,ht,1,Gd
1012739.cif,Gd,ht,1,Gd
450117.cif,Ga0.03W0.97,,2,W0.97Ga0.03
1240756.cif,Ga0.08V0.92,m,2,V0.917Ga0.083
545024.cif,Ga0.08V0.92,m,2,V0.9165Ga0.0835
1627172.cif,Ga0.10V0.90,m,2,V0.9Ga0.1
531601.cif,Ga0.10V0.90,m,2,V0.9Ga0.1
533811.cif,Ga0.10V0.90,m,2,V0.9Ga0.1
1646086.cif,Ga0.11V0.89,m,2,V0.89Ga0.11
250400.cif,Ga0.14V0.86,m,2,V0.86Ga0.14
262138.cif,Ga0.38V0.63,m,2,V0.625Ga0.375
531324.cif,Ga0.12Ta0.88,,2,Ta0.88Ga0.12
454171.cif,Ga0Pu,ht5,2,Pu0.999Ga0.001
454172.cif,Ga0.50Pu0.50,ht,2,Ga0.5Pu0.5
450760.cif,Ga0.18Nb0.82,,2,Nb0.82Ga0.18
1928867.cif,Ga0.25Mo0.25Ni0.50,,3,Ni0.5Ga0.25Mo0.25
1928173.cif,Fe0.97Zr0.03,rt,2,Fe0.97Zr0.03
527192.cif,FeZr0,rt,2,Fe0.999Zr0.001
452088.cif,Fe0.67Zn0.33,rt,2,Fe0.67Zn0.33
1931783.cif,Fe0.80Zn0.20,rt,2,Fe0.8Zn0.2
1013215.cif,Fe0.90Zn0.10,rt,2,Fe0.9Zn0.1
311502.cif,Fe0.30W0.70,rt,2,W0.7Fe0.3
311501.cif,Fe0.80W0.20,tf,2,Fe0.8W0.2
458587.cif,Fe0.92W0.08,rt,2,Fe0.92W0.08
553641.cif,Fe0.93W0.07,rt,2,Fe0.93W0.07
456788.cif,Fe0.94W0.06,rt,2,Fe0.94W0.06
554677.cif,Fe0.96W0.04,rt,2,Fe0.96W0.04
527185.cif,Fe0.98W0.02,rt,2,Fe0.98W0.02
458494.cif,Fe0.98W0.02,rt,2,Fe0.98W0.02
1825357.cif,Fe0.10V0.90,ht,2,V0.9Fe0.1
452086.cif,Fe0.30V0.70,ht,2,V0.7Fe0.3
535025.cif,Fe0.40V0.60,ht,2,V0.6Fe0.4
454316.cif,Fe0.50V0.50,ht,2,Fe0.5V0.5
455157.cif,Fe0.50V0.50,ht,2,Fe0.5V0.5
1626482.cif,Fe0.50V0.50,ht,2,Fe0.5V0.5
533587.cif,Fe0.55V0.45,ht,2,Fe0.55V0.45
555180.cif,Fe0.65V0.35,ht,2,Fe0.65V0.35
1940112.cif,Fe0.70V0.30,ht,2,Fe0.7V0.3
452082.cif,Fe0.70V0.30,ht,2,Fe0.7V0.3
535020.cif,Fe0.70V0.30,ht,2,Fe0.7V0.3
1013218.cif,Fe0.72V0.28,ht,2,Fe0.72V0.28
529704.cif,Fe0.75V0.25,ht,2,Fe0.75V0.25
454926.cif,Fe0.80V0.20,ht,2,Fe0.8V0.2
1009714.cif,Fe0.90V0.10,ht,2,Fe0.9V0.1
456552.cif,Fe0.96V0.04,ht,2,Fe0.96V0.04
527201.cif,Fe0.99V0.01,ht,2,Fe0.99V0.01
1042884.cif,Fe0.10Ti0.84Zr0.06,,3,Ti0.838Fe0.098Zr0.064
1055749.cif,Fe0.04Ti0.96W0.01,,3,Ti0.957Fe0.035W0.008
1932580.cif,Fe0.06Ti0.10V0.83Zr0.01,,4,V0.83Ti0.1Fe0.06Zr0.01
1932070.cif,Fe0.06Ti0.10V0.80Zr0.04,,4,V0.8Ti0.1Fe0.06Zr0.04
306704.cif,Fe0.05Ti0.50V0.45,,3,Ti0.5V0.45Fe0.05
1825358.cif,Fe0.02Ti0.10V0.88,,3,V0.88Ti0.1Fe0.02
1216751.cif,Fe0.08Ti0.33V0.59,,3,V0.59Ti0.33Fe0.08
1010841.cif,Fe0.05Ti0.19V0.76,,3,V0.76Ti0.19Fe0.05
1932579.cif,Fe0.06Ti0.10V0.84,,3,V0.84Ti0.1Fe0.06
1826224.cif,Fe0.16Ti0.25V0.59,,3,V0.593Ti0.245Fe0.162
1825359.cif,Fe0.84Ti0.04V0.12,,3,Fe0.843V0.117Ti0.04
1055748.cif,Fe0.04Ti0.97,ht,2,Ti0.965Fe0.035
1030870.cif,Fe0.16Ti0.84,ht,2,Ti0.84Fe0.16
533577.cif,Fe0.25Ti0.75,ht,2,Ti0.75Fe0.25
1928675.cif,Fe0.27Ti0.73,ht,2,Ti0.731Fe0.269
531989.cif,Fe0.35Ti0.65,ht,2,Ti0.65Fe0.35
533578.cif,Fe0.80Ti0.20,rt,2,Fe0.8Ti0.2
534802.cif,Fe0.80Ti0.20,rt,2,Fe0.8Ti0.2
1612224.cif,Fe0.90Ti0.10,rt,2,Fe0.897Ti0.103
456786.cif,Fe0.91Ti0.09,rt,2,Fe0.91Ti0.09
1959458.cif,Fe0.92Ti0.08,rt,2,Fe0.92Ti0.08
1932780.cif,Fe0.92Ti0.08,rt,2,Fe0.92Ti0.08
1030869.cif,Fe0.96Ti0.04,rt,2,Fe0.96Ti0.04
527200.cif,Fe0.97Ti0.04,rt,2,Fe0.965Ti0.035
455179.cif,Fe0.98Ti0.03,rt,2,Fe0.975Ti0.025
456551.cif,Fe0.98Ti0.02,rt,2,Fe0.98Ti0.02
1270877.cif,Fe0.02Ta0.98,,2,Ta0.984Fe0.016
531990.cif,Fe0.98Ta0.03,rt,2,Fe0.975Ta0.025
527184.cif,FeTa0,rt,2,Fe0.996Ta0.004
1630193.cif,Fe0.99Sn0.01Zr0,,3,Fe0.991Sn0.006Zr0.003
1927696.cif,Fe0.92Sn0.08,rt,2,Fe0.92Sn0.08
1816957.cif,Fe0.92Sn0.08,rt,2,Fe0.92Sn0.08
531952.cif,Fe0.92Sn0.08,rt,2,Fe0.92Sn0.08
531965.cif,Fe0.93Sn0.07,rt,2,Fe0.93Sn0.07
554821.cif,Fe0.95Sn0.05,rt,2,Fe0.9517Sn0.0483
1009716.cif,Fe0.80Si0.10V0.10,,3,Fe0.8Si0.1V0.1
1815223.cif,Fe0.78Si0.20Ta0.02,,3,Fe0.785Si0.2Ta0.015
375429.cif,Fe0.67Si0.33,m,2,Fe0.67Si0.33
1927441.cif,Fe0.75Si0.25,m,2,Fe0.75Si0.25
2070054.cif,Fe0.75Si0.25,rt,2,Fe0.75Si0.25
527984.cif,Fe0.77Si0.23,rt,2,Fe0.77Si0.23
1831321.cif,Fe0.80Si0.20,m,2,Fe0.8Si0.2
1815220.cif,Fe0.80Si0.20,rt,2,Fe0.8Si0.2
454924.cif,Fe0.80Si0.20,rt,2,Fe0.8Si0.2
1927841.cif,Fe0.87Si0.14,rt,2,Fe0.865Si0.135
1821719.cif,Fe0.89Si0.11,rt,2,Fe0.888Si0.112
1009715.cif,Fe0.90Si0.10,rt,2,Fe0.9Si0.1
1716305.cif,Fe0.91Si0.10,rt,2,Fe0.905Si0.095
1248344.cif,Fe0.92Si0.08,rt,2,Fe0.92Si0.08
1630126.cif,Fe0.93Si0.07,rt,2,Fe0.93Si0.07
533558.cif,Fe0.93Si0.07,rt,2,Fe0.93Si0.07
1965536.cif,Fe0.94Si0.06,rt,2,Fe0.94Si0.06
1929632.cif,Fe0.94Si0.06,rt,2,Fe0.94Si0.06
1824130.cif,Fe0.94Si0.06,rt,2,Fe0.94Si0.06
1952214.cif,Fe0.95Si0.05,rt,2,Fe0.95Si0.05
458495.cif,Fe0.95Si0.05,rt,2,Fe0.95Si0.05
1254435.cif,Fe0.98Si0.02,rt,2,Fe0.98Si0.02
1126730.cif,Fe,rt,1,Fe
531951.cif,Fe0.95Sb0.05,rt,2,Fe0.95Sb0.05
1815810.cif,Fe0.97Sb0.03,rt,2,Fe0.97Sb0.03
1010946.cif,Fe0.97Sb0.03,rt,2,Fe0.97Sb0.03
534061.cif,Fe0.98Sb0.02,rt,2,Fe0.98Sb0.02
1924090.cif,Fe0.90Ru0.10,rt,2,Fe0.9Ru0.1
547975.cif,Fe0.90Ru0.10,rt,2,Fe0.9Ru0.1
531970.cif,Fe0.91Ru0.09,rt,2,Fe0.91Ru0.09
527195.cif,Fe0.94Ru0.06,rt,2,Fe0.94Ru0.06
261336.cif,Fe0.95Ru0.05,rt,2,Fe0.95Ru0.05
1936706.cif,Fe0.50Rh0.50,tf,2,Fe0.5Rh0.5
311837.cif,Fe0.70Rh0.30,tf,2,Fe0.7Rh0.3
531974.cif,Fe0.92Rh0.08,rt,2,Fe0.92Rh0.08
527196.cif,Fe0.94Rh0.06,rt,2,Fe0.94Rh0.06
531969.cif,Fe0.91Re0.09,rt,2,Fe0.91Re0.09
527186.cif,Fe0.92Re0.08,rt,2,Fe0.92Re0.08
1943138.cif,Fe0.97Pt0.02Tb0.01,,3,Fe0.97Pt0.02Tb0.01
454719.cif,Fe0.75Pt0.25,rt,2,Fe0.75Pt0.25
454929.cif,Fe0.85Pt0.15,rt,2,Fe0.85Pt0.15
531968.cif,Fe0.90Pt0.10,rt,2,Fe0.9Pt0.1
527189.cif,Fe0.97Pt0.03,rt,2,Fe0.97Pt0.03
1932568.cif,Fe0.75Pd0.25,tf,2,Fe0.75Pd0.25
312437.cif,Fe0.80Pd0.20,tf,2,Fe0.8Pd0.2
527182.cif,Fe0.97Pd0.03,rt,2,Fe0.97Pd0.03
1929118.cif,Fe0.98Pd0.02,rt,2,Fe0.976Pd0.024
1966481.cif,Fe0.97Pb0.03,rt,2,Fe0.97Pb0.03
1928064.cif,Fe0.97Pb0.03,rt,2,Fe0.97Pb0.03
1226781.cif,Fe0.96P0.04,rt,2,Fe0.96P0.04
456478.cif,Fe0.96P0.04,rt,2,Fe0.96P0.04
1602713.cif,Fe0.97P0.03,rt,2,Fe0.966P0.034
527187.cif,Fe0.99Os0.02,rt,2,Fe0.985Os0.015
1022414.cif,Fe,rt,1,Fe
1022417.cif,Fe,rt,1,Fe
1022423.cif,Fe,rt,1,Fe
1022420.cif,Fe,rt,1,Fe
375428.cif,Fe0.64Ni0.03Si0.33,,3,Fe0.64Si0.33Ni0.03
1253858.cif,Fe0.96Ni0.03Sb0.01,,3,Fe0.96Ni0.03Sb0.01
538070.cif,Fe0.75Ni0.13Pt0.13,lt,3,Fe0.75Ni0.125Pt0.125
555452.cif,Fe0.60Ni0.40,tf,2,Fe0.6Ni0.4
534803.cif,Fe0.60Ni0.40,tf,2,Fe0.6Ni0.4
1933257.cif,Fe0.63Ni0.37,rt,2,Fe0.63Ni0.37
1965692.cif,Fe0.65Ni0.35,tf,2,Fe0.65Ni0.35
530569.cif,Fe0.68Ni0.32,rt,2,Fe0.68Ni0.32
1260618.cif,Fe0.70Ni0.30,rt,2,Fe0.703Ni0.297
1931762.cif,Fe0.70Ni0.30,rt,2,Fe0.7Ni0.3
454536.cif,Fe0.72Ni0.28,rt,2,Fe0.72Ni0.28
454718.cif,Fe0.75Ni0.25,rt,2,Fe0.75Ni0.25
1924110.cif,Fe0.80Ni0.20,rt,2,Fe0.8Ni0.2
558497.cif,Fe0.80Ni0.20,rt,2,Fe0.8Ni0.2
1413562.cif,Fe0.84Ni0.16,rt,2,Fe0.84Ni0.16
2070085.cif,Fe0.84Ni0.16,rt,2,Fe0.8434Ni0.1566
2070084.cif,Fe0.88Ni0.12,rt,2,Fe0.8782Ni0.1218
534367.cif,Fe0.90Ni0.10,rt,2,Fe0.9Ni0.1
527190.cif,Fe0.92Ni0.08,rt,2,Fe0.92Ni0.08
2070082.cif,Fe0.94Ni0.06,rt,2,Fe0.9381Ni0.0619
2070083.cif,Fe0.94Ni0.06,rt,2,Fe0.9381Ni0.0619
1931735.cif,Fe0.94Ni0.06,rt,2,Fe0.94Ni0.06
1822133.cif,Fe0.94Ni0.06,rt,2,Fe0.94Ni0.06
2070081.cif,Fe0.94Ni0.06,rt,2,Fe0.9429Ni0.0571
2070080.cif,Fe0.94Ni0.06,rt,2,Fe0.9441Ni0.0559
2070079.cif,Fe0.95Ni0.05,rt,2,Fe0.9458Ni0.0542
2070078.cif,Fe0.95Ni0.05,rt,2,Fe0.9463Ni0.0537
1965254.cif,Fe0.95Ni0.05,rt,2,Fe0.95Ni0.05
534369.cif,Fe0.95Ni0.05,rt,2,Fe0.95Ni0.05
456555.cif,Fe0.95Ni0.05,rt,2,Fe0.95Ni0.05
458496.cif,Fe0.95Ni0.05,rt,2,Fe0.95Ni0.05
1819748.cif,Fe0.02Nb0.77Zr0.21,,3,Nb0.771Zr0.214Fe0.015
1946882.cif,Fe0.07Nb0.84Zr0.09,,3,Nb0.84Zr0.09Fe0.07
1819747.cif,Fe0.03Nb0.24Zr0.73,,3,Zr0.733Nb0.238Fe0.029
1946880.cif,Fe0.02Nb0.15Zr0.83,,3,Zr0.83Nb0.15Fe0.02
1057092.cif,Fe0.97Nb0.01Zr0.02,,3,Fe0.97Zr0.02Nb0.01
1818692.cif,Fe0.03Nb0.18Ti0.79,,3,Ti0.79Nb0.18Fe0.03
1942794.cif,Fe0.20Nb0.13Ti0.67,,3,Ti0.67Fe0.2Nb0.13
1815221.cif,Fe0.70Nb0.10Si0.20,m,3,Fe0.7Si0.2Nb0.1
1927842.cif,Fe0.84Nb0.03Si0.14,m,3,Fe0.835Si0.135Nb0.03
1815780.cif,Fe0.03Nb0.92Sb0.06,,3,Nb0.916Sb0.058Fe0.026
1815781.cif,Fe0.96Nb0Sb0.04,rt,3,Fe0.959Sb0.038Nb0.003
1946886.cif,Fe0.99Nb0.01,rt,2,Fe0.99Nb0.01
1928823.cif,Fe0.99Nb0.01,rt,2,Fe0.9944Nb0.0056
527193.cif,FeNb0,rt,2,Fe0.998Nb0.002
1838018.cif,Fe0.05Mo0.03Ti0.93,,3,Ti0.926Fe0.047Mo0.027
1413561.cif,Fe0.81Mo0.03Ni0.17,m,3,Fe0.805Ni0.165Mo0.03
1931694.cif,Fe0.10Mo0.90,m,2,Mo0.9Fe0.1
528709.cif,Fe0.20Mo0.80,m,2,Mo0.8Fe0.2
1931693.cif,Fe0.60Mo0.40,rt,2,Fe0.6Mo0.4
528708.cif,Fe0.80Mo0.20,rt,2,Fe0.8Mo0.2
456787.cif,Fe0.86Mo0.14,rt,2,Fe0.86Mo0.14
528362.cif,Fe0.88Mo0.13,rt,2,Fe0.875Mo0.125
1931692.cif,Fe0.90Mo0.10,rt,2,Fe0.9Mo0.1
1933592.cif,Fe0.91Mo0.09,rt,2,Fe0.91Mo0.09
554676.cif,Fe0.92Mo0.08,rt,2,Fe0.92Mo0.08
458497.cif,Fe0.96Mo0.04,rt,2,Fe0.96Mo0.04
1821926.cif,Fe0.96Mo0.04,rt,2,Fe0.964Mo0.036
527194.cif,Fe0.97Mo0.03,rt,2,Fe0.97Mo0.03
1965739.cif,FeMo0,rt,2,Fe0.999Mo0.001
1617254.cif,Fe0.77Mn0.19Si0.04,,3,Fe0.77Mn0.19Si0.04
1228190.cif,Fe0.07Mn0.07Ni0.37Ti0.33V0.17,,5,Ni0.366Ti0.333V0.167Fe0.067
1725420.cif,Fe0.04Mn0.40Ni0.46Sn0.10,ht,4,Ni0.46Mn0.4Sn0.1Fe0.04
1961055.cif,Fe0.10Mn0.36Ni0.43Sn0.11,ht,4,Ni0.43Mn0.36Sn0.11Fe0.1
1611539.cif,Fe0.23Mn0.04Ni0.73,rt,3,Ni0.732Fe0.23Mn0.038
1930203.cif,Fe0.80Mn0.10Ni0.10,rt,3,Fe0.8Mn0.1Ni0.1
1834046.cif,Fe0.64Mn0.08Ni0.28,rt,3,Fe0.644Ni0.276Mn0.08
1905158.cif,Fe0.82Mn0.08Ni0.10,rt,3,Fe0.82Ni0.1Mn0.08
1617255.cif,Fe0.76Mn0.20Mo0.04,rt,3,Fe0.76Mn0.2Mo0.04
533568.cif,Fe0.80Mn0.20,m,2,Fe0.8Mn0.2
1433795.cif,Fe0.82Mn0.18,m,2,Fe0.82Mn0.18
1822275.cif,Fe0.84Mn0.17,rt,2,Fe0.835Mn0.165
535043.cif,Fe0.87Mn0.13,rt,2,Fe0.87Mn0.13
1839059.cif,Fe0.89Mn0.11,rt,2,Fe0.89Mn0.11
1729186.cif,Fe0.94Mn0.06,rt,2,Fe0.938Mn0.062
527198.cif,Fe0.95Mn0.05,rt,2,Fe0.95Mn0.05
458498.cif,Fe0.96Mn0.04,rt,2,Fe0.96Mn0.04
456553.cif,Fe0.97Mn0.03,rt,2,Fe0.97Mn0.03
1729188.cif,Fe0.97Mg0.01Ni0.02,rt,3,Fe0.972Ni0.021Mg0.007
1932628.cif,Fe0.90Mg0.10,m,2,Fe0.9Mg0.1
531973.cif,Fe0.90Ir0.10,rt,2,Fe0.9Ir0.1
527188.cif,Fe0.94Ir0.06,rt,2,Fe0.94Ir0.06
1946826.cif,FeHo0Pt0,,3,Fe0.996Ho0.003Pt0.001
527183.cif,FeHf0,rt,2,Fe0.999Hf0.001
459311.cif,Fe0.60Ge0.25V0.15,,3,Fe0.6Ge0.25V0.15
1922491.cif,Fe0.60Ge0.25V0.15,,3,Fe0.6Ge0.25V0.15
1815495.cif,Fe0.90Ge0.03Si0.08,rt,3,Fe0.9Si0.075Ge0.025
382884.cif,Fe0.45Ge0.25Ni0.30,,3,Fe0.45Ni0.3Ge0.25
382887.cif,Fe0.46Ge0.23Ni0.31,,3,Fe0.464Ni0.309Ge0.227
1965258.cif,Fe0.76Ge0.19Ni0.05,,3,Fe0.76Ge0.19Ni0.05
1965257.cif,Fe0.81Ge0.14Ni0.05,,3,Fe0.81Ge0.14Ni0.05
1965256.cif,Fe0.86Ge0.09Ni0.05,,3,Fe0.86Ge0.09Ni0.05
1965255.cif,Fe0.90Ge0.05Ni0.05,,3,Fe0.9Ge0.05Ni0.05
1819427.cif,Fe0.75Ge0.25,m1,2,Fe0.75Ge0.25
454925.cif,Fe0.85Ge0.15,rt,2,Fe0.85Ge0.15
527985.cif,Fe0.88Ge0.12,rt,2,Fe0.88Ge0.12
381482.cif,Fe0.88Ge0.12,rt,2,Fe0.88Ge0.12
1928052.cif,Fe0.90Ge0.10,rt,2,Fe0.9Ge0.1
1819772.cif,Fe0.90Ge0.10,rt,2,Fe0.9Ge0.1
529703.cif,Fe0.90Ge0.10,rt,2,Fe0.9Ge0.1
1823654.cif,Fe0.91Ge0.09,rt,2,Fe0.91Ge0.09
1228369.cif,Fe0.96Ge0.04,rt,2,Fe0.96Ge0.04
1241008.cif,Fe0.73Ga0.18Zn0.09,,3,Fe0.73Ga0.18Zn0.09
1924374.cif,Fe0.25Ga0.25V0.50,,3,V0.5Fe0.25Ga0.25
1941100.cif,Fe0.83Ga0.17Tb0,,3,Fe0.828Ga0.17Tb0.002
1051043.cif,Fe0.83Ga0.17Tb0,,3,Fe0.8295Ga0.1699Tb0.0006
302221.cif,Fe0.05Ga0.06Nb0.89,,3,Nb0.89Ga0.06Fe0.05
1964695.cif,Fe0.27Ga0.16Mn0.20Ni0.27Si0.11,,5,Fe0.267Ni0.267Mn0.2Ga0.156
1927259.cif,Fe0.65Ga0.19Mn0.16,,3,Fe0.65Ga0.19Mn0.16
1840513.cif,Fe0.60Ga0.40,,2,Fe0.6Ga0.4
454923.cif,Fe0.60Ga0.40,,2,Fe0.6Ga0.4
533839.cif,Fe0.61Ga0.39,,2,Fe0.61Ga0.39
1825431.cif,Fe0.63Ga0.38,,2,Fe0.625Ga0.375
1965543.cif,Fe0.72Ga0.28,,2,Fe0.72Ga0.28
1942751.cif,Fe0.72Ga0.28,,2,Fe0.725Ga0.275
1962838.cif,Fe0.73Ga0.27,,2,Fe0.73Ga0.27
1834085.cif,Fe0.73Ga0.27,,2,Fe0.73Ga0.27
1241007.cif,Fe0.73Ga0.27,,2,Fe0.73Ga0.27
1929904.cif,Fe0.77Ga0.23,,2,Fe0.77Ga0.23
1932517.cif,Fe0.80Ga0.20,,2,Fe0.8Ga0.2
1823674.cif,Fe0.80Ga0.20,,2,Fe0.8Ga0.2
1928059.cif,Fe0.80Ga0.20,,2,Fe0.8Ga0.2
454922.cif,Fe0.80Ga0.20,,2,Fe0.8Ga0.2
558048.cif,Fe0.80Ga0.20,,2,Fe0.8Ga0.2
311641.cif,Fe0.80Ga0.20,,2,Fe0.8Ga0.2
261496.cif,Fe0.80Ga0.20,,2,Fe0.8Ga0.2
1822116.cif,Fe0.81Ga0.20,,2,Fe0.805Ga0.195
1247501.cif,Fe0.81Ga0.19,,2,Fe0.81Ga0.19
1825436.cif,Fe0.81Ga0.19,,2,Fe0.81Ga0.19
1932556.cif,Fe0.81Ga0.19,,2,Fe0.81Ga0.19
1927258.cif,Fe0.81Ga0.19,,2,Fe0.81Ga0.19
1823655.cif,Fe0.82Ga0.18,,2,Fe0.816Ga0.184
1051044.cif,Fe0.83Ga0.17,,2,Fe0.83Ga0.17
1942973.cif,Fe0.83Ga0.17,,2,Fe0.83Ga0.17
1941099.cif,Fe0.83Ga0.17,,2,Fe0.83Ga0.17
1731392.cif,Fe0.83Ga0.17,,2,Fe0.83Ga0.17
1933565.cif,Fe0.85Ga0.15,,2,Fe0.85Ga0.15
1965347.cif,Fe0.89Ga0.11,,2,Fe0.89Ga0.11
1819795.cif,Fe0.90Ga0.10,,2,Fe0.9Ga0.1
1843109.cif,Fe,rt,1,Fe
1965738.cif,Fe,rt,1,Fe
1433794.cif,Fe,rt,1,Fe
1962548.cif,Fe,rt,1,Fe
1963124.cif,Fe,rt,1,Fe
1960572.cif,Fe,rt,1,Fe
1952213.cif,Fe,rt,1,Fe
1144983.cif,Fe,rt,1,Fe
1964992.cif,Fe,rt,1,Fe
1242482.cif,Fe,rt,1,Fe
1945763.cif,Fe,rt,1,Fe
1941966.cif,Fe,rt,1,Fe
1941930.cif,Fe,rt,1,Fe
1941959.cif,Fe,rt,1,Fe
1941965.cif,Fe,rt,1,Fe
1941960.cif,Fe,rt,1,Fe
1941964.cif,Fe,rt,1,Fe
1941961.cif,Fe,rt,1,Fe
1943695.cif,Fe,rt,1,Fe
1941929.cif,Fe,rt,1,Fe
1941962.cif,Fe,rt,1,Fe
1941963.cif,Fe,rt,1,Fe
1942750.cif,Fe,rt,1,Fe
1024636.cif,Fe,rt,1,Fe
1024635.cif,Fe,rt,1,Fe
1024634.cif,Fe,rt,1,Fe
1030868.cif,Fe,rt,1,Fe
1022413.cif,Fe,rt,1,Fe
1024637.cif,Fe,rt,1,Fe
1024638.cif,Fe,rt,1,Fe
1953192.cif,Fe,rt,1,Fe
1934408.cif,Fe,rt,1,Fe
1933191.cif,Fe,rt,1,Fe
1933642.cif,Fe,rt,1,Fe
1933256.cif,Fe,rt,1,Fe
1933214.cif,Fe,rt,1,Fe
1932019.cif,Fe,rt,1,Fe
1825457.cif,Fe,rt,1,Fe
1931750.cif,Fe,rt,1,Fe
1929913.cif,Fe,rt,1,Fe
1823223.cif,Fe,rt,1,Fe
1628101.cif,Fe,rt,1,Fe
1221650.cif,Fe,rt,1,Fe
1928051.cif,Fe,rt,1,Fe
1927925.cif,Fe,rt,1,Fe
1927840.cif,Fe,rt,1,Fe
1822132.cif,Fe,rt,1,Fe
1628099.cif,Fe,rt,1,Fe
1822486.cif,Fe,ht2,1,Fe
1819794.cif,Fe,rt,1,Fe
1924128.cif,Fe,rt,1,Fe
1522334.cif,Fe,rt,1,Fe
1817029.cif,Fe,rt,1,Fe
1816571.cif,Fe,rt,1,Fe
1817043.cif,Fe,rt,1,Fe
1817302.cif,Fe,rt,1,Fe
1212403.cif,Fe,rt,1,Fe
1815272.cif,Fe,rt,1,Fe
1601861.cif,Fe,rt,1,Fe
1200651.cif,Fe,rt,1,Fe
1230097.cif,Fe,rt,1,Fe
1827345.cif,Fe,rt,1,Fe
1955022.cif,Fe,rt,1,Fe
1612504.cif,Fe,rt,1,Fe
1612223.cif,Fe,rt,1,Fe
1407636.cif,Fe,rt,1,Fe
1906256.cif,Fe,rt,1,Fe
1013213.cif,Fe,rt,1,Fe
1939714.cif,Fe,rt,1,Fe
1140380.cif,Fe,rt,1,Fe
555243.cif,Fe,rt,1,Fe
311503.cif,Fe,rt,1,Fe
555453.cif,Fe,rt,1,Fe
382973.cif,Fe,rt,1,Fe
455184.cif,Fe,rt,1,Fe
553110.cif,Fe,rt,1,Fe
312436.cif,Fe,rt,1,Fe
458545.cif,Fe,rt,1,Fe
533559.cif,Fe,rt,1,Fe
382895.cif,Fe,rt,1,Fe
454920.cif,Fe,rt,1,Fe
454654.cif,Fe,rt,1,Fe
1503158.cif,Fe,rt,1,Fe
455180.cif,Fe,rt,1,Fe
454318.cif,Fe,rt,1,Fe
533221.cif,Fe,rt,1,Fe
529564.cif,Fe,rt,1,Fe
558496.cif,Fe,rt,1,Fe
531975.cif,Fe,rt,1,Fe
531966.cif,Fe,rt,1,Fe
531992.cif,Fe,rt,1,Fe
311737.cif,Fe,rt,1,Fe
534368.cif,Fe,rt,1,Fe
458588.cif,Fe,rt,1,Fe
1715078.cif,Fe,ht2,1,Fe
380682.cif,Fe,rt,1,Fe
1715076.cif,Fe,rt,1,Fe
452182.cif,Fe,rt,1,Fe
528363.cif,Fe,rt,1,Fe
452117.cif,Fe,rt,1,Fe
554822.cif,Fe,rt,1,Fe
529562.cif,Fe,rt,1,Fe
452109.cif,Fe,rt,1,Fe
452083.cif,Fe,rt,1,Fe
1716304.cif,Fe,rt,1,Fe
529561.cif,Fe,rt,1,Fe
1602712.cif,Fe,rt,1,Fe
380309.cif,Fe,rt,1,Fe
1040342.cif,Fe,rt,1,Fe
1925158.cif,Fe,ht2,1,Fe
456557.cif,Fe,rt,1,Fe
1925156.cif,Fe,rt,1,Fe
535023.cif,Fe,rt,1,Fe
1926522.cif,Fe,rt,1,Fe
458493.cif,Fe,rt,1,Fe
456899.cif,Fe,rt,1,Fe
535040.cif,Fe,rt,1,Fe
1929117.cif,Fe,rt,1,Fe
1928822.cif,Fe,rt,1,Fe
535042.cif,Fe,rt,1,Fe
458602.cif,Fe,rt,1,Fe
1324321.cif,Fe,rt,1,Fe
1719797.cif,Fe,rt,1,Fe
1925170.cif,Fe,rt,1,Fe
1622451.cif,Fe,rt,1,Fe
1622452.cif,Fe,rt,1,Fe
1622454.cif,Fe,ht2,1,Fe
1927507.cif,Fe,ht2,1,Fe
1927504.cif,Fe,rt,1,Fe
1324547.cif,Fe,rt,1,Fe
1602682.cif,Fe,rt,1,Fe
1603278.cif,Fe,rt,1,Fe
455267.cif,Eu0.50Yb0.50,ht,2,Eu0.5Yb0.5
1227089.cif,Eu,,1,Eu
382932.cif,Eu,,1,Eu
1215043.cif,Eu,,1,Eu
453422.cif,Eu,,1,Eu
450970.cif,Eu,,1,Eu
531522.cif,Eu,,1,Eu
251009.cif,Eu,,1,Eu
1231672.cif,Eu,,1,Eu
1401059.cif,Eu,,1,Eu
1021363.cif,Eu,,1,Eu
1724161.cif,Eu,,1,Eu
531824.cif,Er0.68Mg0.32,ht,2,Er0.68Mg0.32
527176.cif,Er0.70Mg0.30,ht,2,Er0.7Mg0.3
527163.cif,Er,stab,1,Er
1965338.cif,Dy0.02Mo0.96Si0.02,,3,Mo0.96Dy0.02Si0.02
527178.cif,Dy0.70Mg0.30,ht,2,Dy0.7Mg0.3
531842.cif,Dy0.75Mg0.25,ht,2,Dy0.75Mg0.25
1942974.cif,Dy0Fe0.83Ga0.17,,3,Fe0.8291Ga0.1698Dy0.0011
1731391.cif,Dy0Fe0.83Ga0.17,,3,Fe0.827Ga0.169Dy0.004
531847.cif,Dy,ht,1,Dy
527165.cif,Dy,ht,1,Dy
1020369.cif,W,,1,W
1020370.cif,W,,1,W
1020371.cif,W,,1,W
1020368.cif,W,,1,W
1020372.cif,W,,1,W
1824834.cif,W,,1,W
1824835.cif,Nb0.05W0.95,,2,W0.95Nb0.05
261197.cif,Cu0.25Zn0.75,ht,2,Zn0.75Cu0.25
558003.cif,Cu0.53Zn0.47,ht,2,Cu0.53Zn0.47
1413700.cif,Cu0.57Zn0.43,ht,2,Cu0.57Zn0.43
1301322.cif,Cu0.86Sn0.14,ht,2,Cu0.86Sn0.14
1729184.cif,Cu0.84Si0.16,ht,2,Cu0.837Si0.163
1413698.cif,Cu0.30Ni0.21Zn0.50,ht,3,Zn0.495Cu0.299Ni0.206
1905145.cif,Cu0.50Ni0.25Sn0.25,ht,3,Cu0.5Ni0.25Sn0.25
1603579.cif,Cu0.83Ni0.02Sn0.15,,3,Cu0.83Sn0.15Ni0.02
534033.cif,Cu0.80In0.20,ht,2,Cu0.8In0.2
1500806.cif,Cu0.57Ga0.05Zn0.38,,3,Cu0.574Zn0.375Ga0.051
1635655.cif,Cu0.30Ga0.20Y0.50,,3,Y0.5Cu0.3Ga0.2
1228948.cif,Cu0.03Fe0.86Mn0.11,rt,3,Fe0.86Mn0.11Cu0.03
527191.cif,Cu0Fe,rt,2,Fe0.997Cu0.003
1612518.cif,Cu0.20Fe0.80,m,2,Fe0.8Cu0.2
452118.cif,Cu0.20Fe0.80,m,2,Fe0.8Cu0.2
312525.cif,Cu0.30Fe0.70,m,2,Fe0.7Cu0.3
382896.cif,Cu0.40Fe0.60,m,2,Fe0.6Cu0.4
1014299.cif,Cu0.43Fe0.57,m,2,Fe0.57Cu0.43
380346.cif,Cu0.51Fe0.49,m,2,Cu0.51Fe0.49
1962290.cif,Cu,hp,1,Cu
526889.cif,Cs0.50Rb0.50,,2,Cs0.5Rb0.5
526888.cif,Cs0.50K0.50,,2,Cs0.5K0.5
1622147.cif,Cs,,1,Cs
1301696.cif,Cs,,1,Cs
526884.cif,Cs,,1,Cs
1715171.cif,Cs,,1,Cs
1301591.cif,Cr0.99Zn0.01,,2,Cr0.992Zn0.008
1639619.cif,Cr0.09W0.91,,2,W0.91Cr0.09
534828.cif,Cr0.50W0.50,,2,Cr0.5W0.5
450050.cif,Cr0.50W0.50,,2,Cr0.5W0.5
1929364.cif,Cr0.50W0.50,,2,Cr0.5W0.5
305026.cif,Cr0.50W0.50,,2,Cr0.5W0.5
534314.cif,Cr0.50W0.50,,2,Cr0.5W0.5
1270684.cif,Cr0.05V0.95,,2,V0.95Cr0.05
1942206.cif,Cr0.10V0.90,,2,V0.9Cr0.1
1965771.cif,Cr0.50V0.50,,2,Cr0.5V0.5
1129847.cif,Cr0.50V0.50,,2,Cr0.5V0.5
527374.cif,Cr0.50V0.50,,2,Cr0.5V0.5
1214001.cif,Cr0.50V0.50,,2,Cr0.5V0.5
1928781.cif,Cr0.50V0.50,,2,Cr0.5V0.5
535024.cif,Cr0.50V0.50,,2,Cr0.5V0.5
1927915.cif,Cr0.22Ti0.16V0.57Zr0.05,,4,V0.57Cr0.22Ti0.16Zr0.05
1055755.cif,Cr0.12Ti0.44V0.44,,3,Ti0.44V0.44Cr0.12
1941009.cif,Cr0.25Ti0.50V0.25,,3,Ti0.5Cr0.25V0.25
1030510.cif,Cr0.19Ti0.31V0.50,,3,V0.5Ti0.315Cr0.185
1228085.cif,Cr0.37Ti0.33V0.30,,3,Cr0.367Ti0.333V0.3
1961275.cif,Cr0.37Ti0.33V0.30,,3,Cr0.37Ti0.33V0.3
1721007.cif,Cr0.20Ti0.17V0.63,,3,V0.63Cr0.2Ti0.17
1633663.cif,Cr0.40Ti0.33V0.27,,3,Cr0.4Ti0.33V0.27
1721006.cif,Cr0.40Ti0.33V0.27,,3,Cr0.4Ti0.33V0.27
1129670.cif,Cr0.50Ti0.36V0.14,,3,Cr0.5Ti0.36V0.14
1815081.cif,Cr0.50Ti0.36V0.14,,3,Cr0.5Ti0.357V0.143
1828277.cif,Cr0.49Ti0.31V0.20,,3,Cr0.49Ti0.31V0.2
1030504.cif,Cr0.09Ti0.91,ht,2,Ti0.907Cr0.093
1928756.cif,Cr0.10Ti0.90,ht,2,Ti0.9Cr0.1
1824115.cif,Cr0.13Ti0.87,ht,2,Ti0.87Cr0.13
535019.cif,Cr0.20Ti0.80,ht,2,Ti0.8Cr0.2
1804233.cif,Cr0.50Ti0.50,ht,2,Cr0.5Ti0.5
456848.cif,Cr0.50Ti0.50,ht,2,Cr0.5Ti0.5
1228083.cif,Cr0.67Ti0.33,ht,2,Cr0.667Ti0.333
1928755.cif,Cr0.80Ti0.20,ht,2,Cr0.8Ti0.2
526695.cif,Cr0.86Ti0.14,ht,2,Cr0.86Ti0.14
1011077.cif,Cr0.11Ta0.46Ti0.43,,3,Ta0.46Ti0.43Cr0.11
1928801.cif,Cr0.10Ta0.90,,2,Ta0.9Cr0.1
534142.cif,Cr0.15Ta0.85,,2,Ta0.85Cr0.15
531715.cif,Cr0.95Ta0.05,,2,Cr0.95Ta0.05
1932518.cif,Cr0.07Sn0.03Ti0.90,,3,Ti0.9Cr0.07Sn0.03
452187.cif,Cr0.91Si0.09,,2,Cr0.91Si0.09
250069.cif,Cr0.93Si0.07,,2,Cr0.93Si0.07
1013208.cif,Cr0.93Si0.07,,2,Cr0.933Si0.067
533889.cif,Cr0.73Ru0.27,,2,Cr0.73Ru0.27
555676.cif,Cr0.95Ru0.05,,2,Cr0.95Ru0.05
1837997.cif,Cr0.57Re0.43,,2,Cr0.57Re0.43
532083.cif,Cr0.70Re0.30,,2,Cr0.7Re0.3
314548.cif,Cr0.80Re0.20,,2,Cr0.8Re0.2
1260579.cif,Cr0.85Re0.15,,2,Cr0.847Re0.153
453845.cif,Cr0.75Os0.25,,2,Cr0.75Os0.25
1013224.cif,Cr0.36Ni0.10V0.54,,3,V0.54Cr0.36Ni0.1
1928082.cif,Cr0.16Ni0.08Ti0.06V0.69Zr0.01,,5,V0.694Cr0.156Ni0.084Ti0.06
1815109.cif,Cr0.05Ni0.03Ti0.15V0.77,,4,V0.766Ti0.153Cr0.049Ni0.032
1941012.cif,Cr0.25Ni0.05Ti0.45V0.25,,4,Ti0.45Cr0.25V0.25Ni0.05
1815790.cif,Cr0.68Ni0.32,,2,Cr0.68Ni0.32
534319.cif,Cr0.80Ni0.20,,2,Cr0.8Ni0.2
1834571.cif,Cr0.88Ni0.12,,2,Cr0.879Ni0.121
1961914.cif,Cr0.10Nb0.30Ti0.30Zr0.30,,4,Nb0.3Ti0.3Zr0.3Cr0.1
1058387.cif,Cr0.15Nb0.28Ti0.28V0.28,,4,Ti0.284Nb0.283V0.283Cr0.15
1260720.cif,Cr0.15Nb0.28Ti0.28V0.28,,4,Ti0.284Nb0.283V0.283Cr0.15
1054818.cif,Cr0.25Nb0.25Ti0.25V0.25,,4,Cr0.25Nb0.25Ti0.25V0.25
1818690.cif,Cr0.03Nb0.18Ti0.79,,3,Ti0.79Nb0.18Cr0.03
1964442.cif,Cr0.12Nb0.60Ti0.28,,3,Nb0.6Ti0.28Cr0.12
1835347.cif,Cr0.14Nb0.58Ti0.28,,3,Nb0.58Ti0.28Cr0.14
250099.cif,Cr0.02Nb0.98,,2,Nb0.98Cr0.02
534143.cif,Cr0.12Nb0.88,,2,Nb0.88Cr0.12
1928793.cif,Cr0.20Nb0.80,,2,Nb0.8Cr0.2
250105.cif,Cr0.96Nb0.04,,2,Cr0.96Nb0.04
1962723.cif,Cr0.98Nb0.02,,2,Cr0.98Nb0.02
1924648.cif,Cr0.05Mo0.90Zr0.05,,3,Mo0.9Cr0.05Zr0.05
305049.cif,Cr0.20Mo0.60W0.20,,3,Mo0.6Cr0.2W0.2
305029.cif,Cr0.33Mo0.33W0.34,,3,W0.34Cr0.33Mo0.33
1214002.cif,Cr0.50Mo0.20V0.30,,3,Cr0.5V0.3Mo0.2
1228296.cif,Cr0.40Mo0.15Ti0.45,,3,Ti0.45Cr0.4Mo0.15
1129669.cif,Cr0.50Mo0.14Ti0.36,,3,Cr0.5Ti0.36Mo0.14
1941298.cif,Cr0.41Mo0.06Ti0.53,,3,Ti0.53Cr0.41Mo0.06
1960996.cif,Cr0.20Mo0.20Re0.20V0.20W0.20,,5,Cr0.2Mo0.2Re0.2V0.2
1240925.cif,'Cr0.09Mo0.18Nb0.18Ta0.18V0.18W0.18',,6,Mo0.182Nb0.182Ta0.182V0.182
461102.cif,Cr0.20Mo0.60Nb0.20,,3,Mo0.6Cr0.2Nb0.2
1214000.cif,Cr0.25Mo0.75,,2,Mo0.75Cr0.25
313787.cif,Cr0.30Mo0.70,,2,Mo0.7Cr0.3
1835302.cif,Cr0.33Mo0.67,,2,Mo0.67Cr0.33
1928807.cif,Cr0.40Mo0.60,,2,Mo0.6Cr0.4
453849.cif,Cr0.50Mo0.50,,2,Cr0.5Mo0.5
305028.cif,Cr0.50Mo0.50,,2,Cr0.5Mo0.5
456883.cif,Cr0.50Mo0.50,,2,Cr0.5Mo0.5
535029.cif,Cr0.50Mo0.50,,2,Cr0.5Mo0.5
527373.cif,Cr0.70Mo0.30,,2,Cr0.7Mo0.3
454563.cif,Cr0.75Mo0.25,,2,Cr0.75Mo0.25
1413674.cif,Cr0.94Mo0.06,,2,Cr0.94Mo0.06
1235272.cif,Cr0.14Mn0.18Ti0.38V0.30,,4,Ti0.38V0.3Mn0.18Cr0.14
1932520.cif,Cr0.05Mn0.02Sn0.03Ti0.90,,4,Ti0.9Cr0.05Sn0.03Mn0.02
1260563.cif,Cr0.84Mn0Re0.16,,3,Cr0.837Re0.159Mn0.004
1928084.cif,'Cr0.20Mn0.05Ni0.08Ti0.06V0.60Zr0.01',,6,V0.6Cr0.2Ni0.08Ti0.06
1605373.cif,Cr0.21Mn0.08Ni0.08Ti0.02V0.62,,5,V0.617Cr0.206Ni0.079Mn0.075
382913.cif,Cr0.33Mn0.67,,2,Mn0.67Cr0.33
558235.cif,Cr0.40Mn0.60,,2,Mn0.6Cr0.4
534298.cif,Cr0.57Mn0.43,,2,Cr0.57Mn0.43
558717.cif,Cr0.75Mn0.25,,2,Cr0.747Mn0.253
1260783.cif,Cr0.77Ir0.09V0.14,,3,Cr0.771V0.143Ir0.086
1260782.cif,Cr0.90Ir0.10,,2,Cr0.9Ir0.1
1058439.cif,Cr0.05Hf0.21Nb0.22Ta0.25Ti0.27,,5,Ti0.27Ta0.25Nb0.22Hf0.21
1962726.cif,Cr0.07Hf0.03Nb0.90,,3,Nb0.9Cr0.07Hf0.03
1058443.cif,Cr0.18Hf0.25Mo0.13Ta0.05Ti0.39,,5,Ti0.39Hf0.25Cr0.18Mo0.13
450068.cif,Cr0.93Ge0.07,,2,Cr0.93Ge0.07
251612.cif,Cr0.93Ge0.07,,2,Cr0.93Ge0.07
531759.cif,Cr0.96Ge0.04,,2,Cr0.96Ge0.04
1960938.cif,Cr0.25Ga0.25Mn0.50,m,3,Mn0.5Cr0.25Ga0.25
1961250.cif,Cr0.14Fe0.84W0.02,,3,Fe0.84Cr0.14W0.02
1925300.cif,Cr0.10Fe0.80V0.10,ht,3,Fe0.8Cr0.1V0.1
1626483.cif,Cr0.20Fe0.50V0.30,ht,3,Fe0.5V0.301Cr0.199
1822293.cif,Cr0.30Fe0.25V0.45,ht,3,V0.45Cr0.3Fe0.25
1925298.cif,Cr0.30Fe0.20V0.50,ht,3,V0.5Cr0.3Fe0.2
1932071.cif,Cr0.14Fe0.06Ti0.10V0.66Zr0.04,,5,V0.66Cr0.14Ti0.1Fe0.06
1967367.cif,Cr0.10Fe0.11Ti0.30V0.47Y0.02,,5,V0.47Ti0.3Fe0.11Cr0.1
1932587.cif,Cr0.06Fe0.12Ti0.22V0.60,,4,V0.6Ti0.224Fe0.12Cr0.056
1819913.cif,Cr0.16Fe0.06Ti0.22V0.55,,4,V0.55Ti0.225Cr0.161Fe0.064
1055793.cif,Cr0.27Fe0.06Ti0.27V0.40,,4,V0.4Cr0.27Ti0.27Fe0.06
1924104.cif,Cr0.32Fe0.06Ti0.32V0.30,,4,Cr0.32Ti0.32V0.3Fe0.06
1941010.cif,Cr0.25Fe0.03Ti0.47V0.25,,4,Ti0.475Cr0.25V0.25Fe0.025
1815222.cif,Cr0.02Fe0.78Si0.20,,3,Fe0.785Si0.2Cr0.015
1927442.cif,Cr0.05Fe0.75Si0.20,,3,Fe0.75Si0.2Cr0.05
1924748.cif,Cr0.09Fe0.83Si0.09,,3,Fe0.8264Si0.0883Cr0.0853
1009124.cif,Cr0.10Fe0.80Si0.10,,3,Fe0.8Cr0.1Si0.1
1967368.cif,Cr0.10Fe0.11Sc0.02Ti0.30V0.47,,5,V0.47Ti0.3Fe0.11Cr0.1
1253857.cif,Cr0.03Fe0.96Sb0.01,,3,Fe0.96Cr0.03Sb0.01
558498.cif,Cr0.05Fe0.90Ni0.05,rt,3,Fe0.9Cr0.05Ni0.05
1617247.cif,Cr0.27Fe0.47Ni0.26,rt,3,Fe0.47Cr0.27Ni0.26
1834113.cif,Cr0.45Fe0.55Nb0,,3,Fe0.545Cr0.452Nb0.003
1836749.cif,Cr0.06Fe0.07Nb0.87,,3,Nb0.868Fe0.072Cr0.06
1836746.cif,Cr0.63Fe0.36Nb0.01,,3,Cr0.626Fe0.362Nb0.012
1834116.cif,Cr0.11Fe0.01Nb0.89,,3,Nb0.89Cr0.105Fe0.005
1633696.cif,Cr0.18Fe0.72Mn0.02Ni0.06Si0.02,mart,5,Fe0.72Cr0.18Ni0.06Mn0.02
1617252.cif,Cr0.11Fe0.68Mn0.21,cub,3,Fe0.68Mn0.21Cr0.11
1967365.cif,Cr0.10Fe0.11La0.02Ti0.30V0.47,,5,V0.47Ti0.3Fe0.11Cr0.1
1828096.cif,Cr0.25Fe0.50Ga0.25,,3,Fe0.5Cr0.25Ga0.25
527199.cif,Cr0.03Fe0.97,ht2,2,Fe0.97Cr0.03
458499.cif,Cr0.04Fe0.96,ht2,2,Fe0.96Cr0.04
558499.cif,Cr0.05Fe0.95,ht2,2,Fe0.95Cr0.05
456556.cif,Cr0.05Fe0.95,ht2,2,Fe0.95Cr0.05
531972.cif,Cr0.08Fe0.92,ht2,2,Fe0.92Cr0.08
1965693.cif,Cr0.16Fe0.84,ht2,2,Fe0.84Cr0.16
1947234.cif,Cr0.16Fe0.84,ht2,2,Fe0.84Cr0.16
1965725.cif,Cr0.18Fe0.82,ht2,2,Fe0.82Cr0.18
1725406.cif,Cr0.20Fe0.80,ht2,2,Fe0.8Cr0.2
535041.cif,Cr0.20Fe0.80,ht2,2,Fe0.8Cr0.2
1413725.cif,Cr0.25Fe0.75,ht2,2,Fe0.75Cr0.25
1413559.cif,Cr0.25Fe0.75,ht2,2,Fe0.75Cr0.25
1965726.cif,Cr0.31Fe0.69,ht2,2,Fe0.69Cr0.31
1967491.cif,Cr0.48Fe0.52,tf,2,Fe0.52Cr0.48
531051.cif,Cr0.50Fe0.50,ht2,2,Cr0.5Fe0.5
455155.cif,Cr0.50Fe0.50,ht2,2,Cr0.5Fe0.5
1626481.cif,Cr0.50Fe0.50,ht2,2,Cr0.5Fe0.5
545611.cif,Cr0.61Fe0.39,ht2,2,Cr0.613Fe0.387
1833921.cif,Cr0.70Fe0.30,ht2,2,Cr0.7Fe0.3
545610.cif,Cr0.75Fe0.25,ht2,2,Cr0.751Fe0.249
456302.cif,Cr0.80Fe0.20,ht2,2,Cr0.8Fe0.2
545606.cif,Cr0.93Fe0.07,ht2,2,Cr0.9335Fe0.0665
545609.cif,Cr0.96Fe0.04,ht2,2,Cr0.962Fe0.038
545608.cif,Cr0.97Fe0.03,ht2,2,Cr0.974Fe0.026
545607.cif,Cr0.98Fe0.02,ht2,2,Cr0.9805Fe0.0195
1949470.cif,Cr0.98Cu0.01Zr0.01,,3,Cr0.984Cu0.0088Zr0.0072
1927916.cif,Cr0.21Cu0.05Ti0.15V0.54Zr0.05,,5,V0.541Cr0.209Ti0.152Cu0.05
1058400.cif,Cr0.57Cu0.01Fe0.28Mn0.08Ni0.06,,5,Cr0.566Fe0.283Mn0.083Ni0.061
1803194.cif,Cr0.70Cu0.30,,2,Cr0.7Cu0.3
1817258.cif,Cr0.94Cu0.06,,2,Cr0.937Cu0.063
1045724.cif,Cr,,1,Cr
1146831.cif,Cr,,1,Cr
1146832.cif,Cr,,1,Cr
1946593.cif,Cr,,1,Cr
1941851.cif,Cr,,1,Cr
1941850.cif,Cr,,1,Cr
1823224.cif,Cr,,1,Cr
1815158.cif,Cr,,1,Cr
1230095.cif,Cr,,1,Cr
1921691.cif,Cr,,1,Cr
1827343.cif,Cr,,1,Cr
1804235.cif,Cr,,1,Cr
1407699.cif,Cr,,1,Cr
311471.cif,Cr,,1,Cr
454564.cif,Cr,,1,Cr
533891.cif,Cr,,1,Cr
527372.cif,Cr,,1,Cr
450051.cif,Cr,,1,Cr
558234.cif,Cr,,1,Cr
1214003.cif,Cr,,1,Cr
526694.cif,Cr,,1,Cr
1929091.cif,Cr,,1,Cr
545633.cif,Cr,,1,Cr
1413673.cif,Cr,,1,Cr
559700.cif,Cr,,1,Cr
457448.cif,Cr,,1,Cr
1928754.cif,Cr,,1,Cr
1928782.cif,Cr,,1,Cr
1501415.cif,Cr,,1,Cr
307455.cif,Cr,,1,Cr
531761.cif,Cr,,1,Cr
531717.cif,Cr,,1,Cr
453846.cif,Cr,,1,Cr
453848.cif,Cr,,1,Cr
261441.cif,Cr,,1,Cr
1012694.cif,Cr,,1,Cr
305023.cif,Cr,,1,Cr
250107.cif,Cr,,1,Cr
250070.cif,Cr,,1,Cr
1300500.cif,Cr,,1,Cr
2050189.cif,Cr,,1,Cr
1040010.cif,Cr,,1,Cr
1500635.cif,Cr,,1,Cr
458707.cif,Cr,,1,Cr
535021.cif,Cr,,1,Cr
456850.cif,Cr,,1,Cr
534299.cif,Cr,,1,Cr
534322.cif,Cr,,1,Cr
456884.cif,Cr,,1,Cr
534315.cif,Cr,,1,Cr
535030.cif,Cr,,1,Cr
1324558.cif,Cr,,1,Cr
1324291.cif,Cr,,1,Cr
1324546.cif,Cr,,1,Cr
1602681.cif,Cr,,1,Cr
1939602.cif,Co0.02Zr0.98,ht,2,Zr0.98Co0.02
1828281.cif,Co0.80V0.10Zr0.10,,3,Co0.8V0.1Zr0.1
1927848.cif,Co0.07V0.93,,2,V0.93Co0.07
1216752.cif,Co0.08Ti0.35V0.58,,3,V0.577Ti0.346Co0.077
1413590.cif,Co0.12Ti0.88,ht,2,Ti0.88Co0.12
1928676.cif,Co0.23Ti0.77,ht,2,Ti0.77Co0.23
1945453.cif,Co0.04Ta0.83Ti0.13,,3,Ta0.83Ti0.13Co0.04
452385.cif,Co0.75Sn0.25,m,2,Co0.75Sn0.25
302774.cif,Co0.75Si0.13Sn0.13,m,3,Co0.75Si0.125Sn0.125
1149675.cif,Co0.04Re0.46Ta0.50,,3,Ta0.5Re0.46Co0.04
1413589.cif,Co0.06Ni0.05Ti0.90,ht,3,Ti0.895Co0.06Ni0.045
1822346.cif,Co0.10Nb0.80Zr0.10,,3,Nb0.8Co0.1Zr0.1
1260719.cif,Co0.05Nb0.32Ti0.32V0.32,,4,Ti0.318V0.318Nb0.317Co0.047
1822342.cif,Co0.03Nb0.50Ti0.47,,3,Nb0.5Ti0.47Co0.03
1818693.cif,Co0.03Nb0.18Ti0.79,,3,Ti0.79Nb0.18Co0.03
1050708.cif,Co0.05Nb0.64Re0.31,,3,Nb0.64Re0.31Co0.05
1815766.cif,Co0.02Nb0.96Ni0.02,,3,Nb0.964Co0.018Ni0.018
1838608.cif,Co0.06Nb0.92Ni0.02,,3,Nb0.92Co0.057Ni0.023
527452.cif,Co0.86Nb0.14,m,2,Co0.86Nb0.14
1966513.cif,Co0.07Mo0.93,,2,Mo0.93Co0.07
250122.cif,Co0.08Mo0.92,,2,Mo0.92Co0.08
1947056.cif,Co0.50Mn0.25Si0.25,tf,3,Co0.5Mn0.25Si0.25
1823517.cif,Co0.50Mg0.50,m,2,Co0.5Mg0.5
1804529.cif,Co0.03Hf0.01Ni0.03Ti0.14V0.78,,5,V0.785Ti0.145Ni0.033Co0.03
1228408.cif,Co0.03Hf0Ni0.04Ti0.15V0.77,,5,V0.775Ti0.154Ni0.043Co0.026
1815107.cif,Co0.03Hf0Ni0.04Ti0.15V0.77,,5,V0.775Ti0.154Ni0.043Co0.026
1815242.cif,Co0.45Ga0.32Ni0.23,rt,3,Co0.45Ga0.32Ni0.23
1815243.cif,Co0.45Ga0.32Ni0.23,rt,3,Co0.45Ga0.32Ni0.23
1040455.cif,Co0.50Ga0.30Ni0.20,rt,3,Co0.5Ga0.3Ni0.2
1825130.cif,Co0.13Ga0.25Mn0.38V0.25,,4,Mn0.375Ga0.25V0.25Co0.125
1928890.cif,Co0.50Ga0.25Mn0.22V0.03,,4,Co0.5Ga0.25Mn0.225V0.025
1928888.cif,Co0.50Ga0.25Mn0.23Ti0.02,,4,Co0.5Ga0.25Mn0.234Ti0.016
1928886.cif,Co0.50Ga0.25Mn0.24Sc0.01,,4,Co0.5Ga0.25Mn0.2375Sc0.0125
1905148.cif,Co0.20Fe0.77W0.03,,3,Fe0.7655Co0.204W0.0305
1825437.cif,Co0.49Fe0.49V0.02,,3,Co0.49Fe0.49V0.02
1720995.cif,Co0.40Fe0.40Sn0.20,m,3,Co0.4Fe0.4Sn0.2
1726872.cif,Co0.27Fe0.63Si0.10,,3,Fe0.63Co0.27Si0.1
538058.cif,Co0.25Fe0.50Si0.25,,3,Fe0.5Co0.25Si0.25
378407.cif,Co0.45Fe0.45Si0.10,,3,Co0.45Fe0.45Si0.1
1607051.cif,Co0.50Fe0.25Si0.25,,3,Co0.5Fe0.25Si0.25
1831322.cif,Co0.50Fe0.25Si0.25,,3,Co0.5Fe0.25Si0.25
1963203.cif,Co0.25Fe0.50Ni0.15Si0.10,,4,Fe0.5Co0.25Ni0.15Si0.1
1963201.cif,Co0.25Fe0.50Ni0.25,,3,Fe0.5Co0.25Ni0.25
1905159.cif,Co0.30Fe0.55Ni0.15,,3,Fe0.55Co0.3Ni0.15
1242658.cif,Co0.30Fe0.50Ni0.20,,3,Fe0.5Co0.3Ni0.2
1843111.cif,Co0.40Fe0.50Ni0.10,,3,Fe0.5Co0.4Ni0.1
1843110.cif,Co0.40Fe0.50Ni0.10,,3,Fe0.5Co0.4Ni0.1
1933181.cif,Co0.40Fe0.50Ni0.10,,3,Fe0.5Co0.4Ni0.1
1933381.cif,Co0.40Fe0.50Ni0.10,,3,Fe0.5Co0.4Ni0.1
1927626.cif,Co0.48Fe0.33Ni0.19,,3,Co0.48Fe0.33Ni0.19
1413563.cif,Co0.05Fe0.76Mo0.03Ni0.16,,4,Fe0.759Ni0.162Co0.049Mo0.03
1905147.cif,Co0.21Fe0.73Mo0.06,,3,Fe0.732Co0.212Mo0.056
1966389.cif,Co0.40Fe0.41Mn0.09Ni0.10,,4,Fe0.41Co0.4Ni0.1Mn0.09
1965415.cif,Co0.63Fe0.27Mn0.05Ni0.05,,4,Co0.63Fe0.27Mn0.05Ni0.05
1617251.cif,Co0.05Fe0.76Mn0.19,rt,3,Fe0.76Mn0.19Co0.05
1962379.cif,Co0.43Fe0.45Mn0.12,rt,3,Fe0.45Co0.43Mn0.12
1957542.cif,'Co0.11Fe0.11Mg0.22Ni0.11Ti0.23Zr0.22',,6,Ti0.23Mg0.22Zr0.22Co0.11
1941402.cif,Co0.71Fe0.15La0.05Si0.06Y0.03,,5,Co0.71Fe0.15Si0.06La0.05
1961207.cif,Co0.27Fe0.06Ge0.17Mn0.33Si0.17,,5,Mn0.33Co0.27Ge0.17Si0.17
1055779.cif,Co0.50Fe0.25Ge0.25,,3,Co0.5Fe0.25Ge0.25
1928879.cif,Co0.50Fe0.15Ga0.25V0.10,,4,Co0.5Ga0.25Fe0.15V0.1
1928877.cif,Co0.50Fe0.17Ga0.25Ti0.08,,4,Co0.5Ga0.25Fe0.175Ti0.075
1607052.cif,Co0.50Fe0.25Ga0.12Si0.13,,4,Co0.5Fe0.25Si0.13Ga0.12
1928876.cif,Co0.50Fe0.19Ga0.25Sc0.06,,4,Co0.5Ga0.25Fe0.19Sc0.06
1931879.cif,Co0.19Fe0.62Ga0.19,tf,3,Fe0.62Co0.19Ga0.19
1607053.cif,Co0.50Fe0.25Ga0.25,tf,3,Co0.5Fe0.25Ga0.25
527197.cif,Co0.05Fe0.95,ht,2,Fe0.95Co0.05
531971.cif,Co0.06Fe0.94,ht,2,Fe0.94Co0.06
456554.cif,Co0.09Fe0.91,ht,2,Fe0.91Co0.09
1955020.cif,Co0.10Fe0.90,ht,2,Fe0.9Co0.1
456057.cif,Co0.12Fe0.88,ht,2,Fe0.88Co0.12
1933413.cif,Co0.27Fe0.73,ht,2,Fe0.73Co0.27
1718228.cif,Co0.29Fe0.71,ht,2,Fe0.71Co0.29
1726873.cif,Co0.30Fe0.70,ht,2,Fe0.7Co0.3
1817030.cif,Co0.30Fe0.70,ht,2,Fe0.7Co0.3
1821995.cif,Co0.33Fe0.67,ht,2,Fe0.67Co0.33
1836881.cif,Co0.35Fe0.65,ht,2,Fe0.65Co0.35
1933380.cif,Co0.40Fe0.60,ht,2,Fe0.6Co0.4
555891.cif,Co0.40Fe0.60,ht,2,Fe0.6Co0.4
1942890.cif,Co0.45Fe0.55,ht,2,Fe0.55Co0.45
1966394.cif,Co0.49Fe0.51,ht,2,Fe0.51Co0.49
1963125.cif,Co0.49Fe0.51,ht,2,Fe0.51Co0.49
1962990.cif,Co0.50Fe0.50,ht,2,Co0.5Fe0.5
1962378.cif,Co0.50Fe0.50,ht,2,Co0.5Fe0.5
1049601.cif,Co0.50Fe0.50,ht,2,Co0.5Fe0.5
1836921.cif,Co0.50Fe0.50,ht,2,Co0.5Fe0.5
1720994.cif,Co0.50Fe0.50,ht,2,Co0.5Fe0.5
1826263.cif,Co0.50Fe0.50,ht,2,Co0.5Fe0.5
1929914.cif,Co0.50Fe0.50,ht,2,Co0.5Fe0.5
1823280.cif,Co0.50Fe0.50,ht,2,Co0.5Fe0.5
1817219.cif,Co0.50Fe0.50,ht,2,Co0.5Fe0.5
1820472.cif,Co0.50Fe0.50,ht,2,Co0.5Fe0.5
1228311.cif,Co0.50Fe0.50,ht,2,Co0.5Fe0.5
456789.cif,Co0.50Fe0.50,ht,2,Co0.5Fe0.5
535038.cif,Co0.50Fe0.50,ht,2,Co0.5Fe0.5
1240763.cif,Co0.55Fe0.45,ht,2,Co0.55Fe0.45
1939715.cif,Co0.64Fe0.36,ht,2,Co0.64Fe0.36
1943828.cif,Co0.67Fe0.33,ht,2,Co0.67Fe0.33
1941392.cif,Co0.68Fe0.32,ht,2,Co0.68Fe0.32
1965414.cif,Co0.70Fe0.30,ht,2,Co0.7Fe0.3
1300631.cif,Co0.72Fe0.28,ht,2,Co0.72Fe0.28
454927.cif,Co0.75Fe0.25,ht,2,Co0.75Fe0.25
1961048.cif,Co0.80Fe0.20,ht,2,Co0.8Fe0.2
1941011.cif,Co0.05Cr0.25Ti0.45V0.25,,4,Ti0.45Cr0.25V0.25Co0.05
1834573.cif,Co0.04Cr0.85Ni0.11,,3,Cr0.849Ni0.112Co0.039
1228160.cif,'Co0.07Cr0.07Mn0.17Ni0.37Sc0.20Zr0.13',,6,Ni0.367Sc0.2Mn0.166Zr0.133
1228158.cif,Co0.07Cr0.07Mn0.17Ni0.37Sc0.33,,5,Ni0.367Sc0.333Mn0.166Co0.067
1825442.cif,Co0.50Cr0.25Ga0.25,tf,3,Co0.5Cr0.25Ga0.25
1932257.cif,Co0.15Cr0.25Fe0.57W0.03,,4,Fe0.57Cr0.25Co0.15W0.03
1963184.cif,Co0.18Cr0.18Fe0.18Ni0.37V0.09,,5,Ni0.37Co0.18Cr0.18Fe0.18
1963185.cif,'Co0.17Cr0.17Fe0.17Ni0.33Ti0.08V0.08',,6,Ni0.33Co0.17Cr0.17Fe0.17
1965412.cif,Co0.21Cr0.23Fe0.24Mn0.24W0.08,,5,Fe0.24Mn0.24Cr0.23Co0.21
1952249.cif,Co0.20Cr0.20Fe0.20Mn0.20V0.20,,5,Co0.2Cr0.2Fe0.2Mn0.2
1965694.cif,Co0.06Cr0.16Fe0.78,,3,Fe0.78Cr0.16Co0.06
1932256.cif,Co0.14Cr0.23Fe0.63,,3,Fe0.63Cr0.23Co0.14
1413580.cif,Co0.22Cr0.33Fe0.46,,3,Fe0.457Cr0.325Co0.218
1957825.cif,Co0.22Cr0.28Fe0.50,,3,Fe0.5Cr0.28Co0.22
311470.cif,Co0.30Cr0.70,,2,Cr0.7Co0.3
455089.cif,Ce0Fe,rt,2,Fe0.996Ce0.004
1967366.cif,Ce0.02Cr0.10Fe0.11Ti0.30V0.47,,5,V0.47Ti0.3Fe0.11Cr0.1
1012734.cif,Ce,ht2,1,Ce
1817534.cif,Cd0.20Sb0.80,hp,2,Sb0.8Cd0.2
533001.cif,Cd0.60Pd0.40,ht,2,Cd0.6Pd0.4
1962517.cif,Cd0.60Nb0.40,tf,2,Cd0.6Nb0.4
1962519.cif,Cd0.57Mo0.43,tf,2,Cd0.57Mo0.43
456062.cif,Cd0.03Li0.98,rt,2,Li0.975Cd0.025
251638.cif,Cd0.15La0.85,ht2,2,La0.85Cd0.15
251454.cif,Cd0.15Gd0.85,ht,2,Gd0.85Cd0.15
1835013.cif,Cd0.17Gd0.83,ht,2,Gd0.83Cd0.17
455993.cif,Ca0.50Sr0.50,ht,2,Ca0.5Sr0.5
1823425.cif,Ca,ht/hp1,1,Ca
1925112.cif,Ca,ht/hp1,1,Ca
1401051.cif,Ca,ht/hp1,1,Ca
455999.cif,Ca,ht/hp1,1,Ca
1400924.cif,Ca,ht/hp1,1,Ca
302632.cif,C0.11In0.22Pd0.67,,3,Pd0.67In0.22C0.11
1838039.cif,C0.01Hf0.11W0.88,,3,W0.885Hf0.11C0.005
1214136.cif,C0.01Hf0.01W0.98,,3,W0.98C0.01Hf0.01
1959464.cif,Fe,rt,1,Fe
1148129.cif,Bi0.40Te0.60,hp3,2,Te0.6Bi0.4
1239295.cif,Bi0.40Te0.60,hp3,2,Te0.6Bi0.4
1719296.cif,Bi0.40Te0.60,hp3,2,Te0.6Bi0.4
1826212.cif,Bi0.40Te0.60,hp3,2,Te0.6Bi0.4
1944845.cif,Bi0.57Te0.43,hp3,2,Bi0.57Te0.43
1966502.cif,Bi0.29Sn0.14Te0.57,hp3,3,Te0.57Bi0.29Sn0.14
1601414.cif,Bi0.40Sn0.60,hp2,2,Sn0.6Bi0.4
1604515.cif,Bi0.40Sn0.60,hp2,2,Sn0.6Bi0.4
1270368.cif,Bi0.40Se0.40Te0.20,hp4,3,Bi0.4Se0.4Te0.2
1270363.cif,Bi0.40Se0.20Te0.40,hp4,3,Bi0.4Te0.4Se0.2
1043671.cif,Bi0.40Se0.20Te0.40,hp3,3,Bi0.4Te0.4Se0.2
1701483.cif,Bi0.62Pb0.38,ht,2,Bi0.615Pb0.375
1623895.cif,Bi0.25Nb0.75,,2,Nb0.75Bi0.25
452178.cif,Bi0.38In0.62,m,2,In0.62Bi0.38
1959032.cif,Bi,ht-hp2,1,Bi
1965224.cif,Bi,ht-hp2,1,Bi
1817909.cif,Bi,ht-hp2,1,Bi
250500.cif,Be0.05W0.95,,2,W0.95Be0.05
528503.cif,Be0.15Nb0.85,,2,Nb0.85Be0.15
1731953.cif,Be0.23Nb0.77,,2,Nb0.772Be0.228
456896.cif,Be0.20Fe0.80,rt,2,Fe0.8Be0.2
456785.cif,Be0.25Fe0.75,rt,2,Fe0.75Be0.25
455176.cif,Be0.35Cu0.65,ht,2,Cu0.65Be0.35
458708.cif,Be0.09Cr0.91,,2,Cr0.91Be0.09
453737.cif,Be0.67Co0.33,ht,2,Be0.67Co0.33
261803.cif,Be,ht,1,Be
261740.cif,Be,ht,1,Be
456024.cif,Ba0.50Sr0.50,,2,Ba0.5Sr0.5
526945.cif,Ba0.50Sr0.50,,2,Ba0.5Sr0.5
526946.cif,Ba0.40Ca0.60,,2,Ca0.6Ba0.4
1500034.cif,Ba,,1,Ba
303719.cif,Ba,,1,Ba
453420.cif,Ba,,1,Ba
450826.cif,Ba,,1,Ba
251472.cif,Ba,,1,Ba
529486.cif,Ba,,1,Ba
525617.cif,Ba,,1,Ba
250516.cif,Ba,,1,Ba
455920.cif,Ba,,1,Ba
455991.cif,Ba,,1,Ba
456029.cif,Ba,,1,Ba
1021364.cif,Ba,,1,Ba
1040344.cif,Ba,,1,Ba
526944.cif,Ba,,1,Ba
1965808.cif,'B0.01Mo0.20Nb0.20Ta0.20V0.20W0.20',,6,Mo0.198Nb0.198Ta0.198V0.198
1951389.cif,B0.01Mo0.88Nb0.11,,3,Mo0.88Nb0.11B0.01
1965639.cif,B0.04Fe0.88Zr0.08,,3,Fe0.88Zr0.08B0.04
1927444.cif,B0.05Fe0.75Si0.20,,3,Fe0.75Si0.2B0.05
1825202.cif,B0.10Fe0.75Si0.15,,3,Fe0.75Si0.15B0.1
1057397.cif,B0.10Fe0.75Ni0.11Zr0.05,,4,Fe0.75Ni0.105B0.1Zr0.045
1927736.cif,B0.10Fe0.60Ni0.20P0.10,,4,Fe0.6Ni0.2B0.1P0.1
1823675.cif,B0.06Fe0.75Ga0.19,,3,Fe0.752Ga0.188B0.06
533888.cif,B0.09Fe0.91,m,2,Fe0.91B0.09
1057428.cif,B0.12Cu0.01Fe0.81P0.02Si0.04,,5,Fe0.81B0.12Si0.04P0.02
1965874.cif,'B0.09Cu0.01Fe0.74Nb0.02Si0.14Y0.02',,6,Fe0.735Si0.135B0.09Nb0.015
1927497.cif,'B0.09Cu0.01Fe0.73Nb0.02Si0.14V0.02',,6,Fe0.73Si0.135B0.09V0.02
1965873.cif,B0.09Cu0.01Fe0.74Nb0.03Si0.14,,5,Fe0.735Si0.135B0.09Nb0.03
1963086.cif,B0.09Cu0.01Fe0.74Nb0.03Si0.14,,5,Fe0.735Si0.135B0.09Nb0.03
1054129.cif,B0.04Co0.85Fe0.04Zr0.07,cI,4,Co0.85Zr0.07B0.04Fe0.04
1927735.cif,B0.10Co0.20Fe0.60P0.10,,4,Fe0.6Co0.2B0.1P0.1
1057398.cif,B0.10Co0.20Fe0.55Ni0.11Zr0.05,,5,Fe0.55Co0.2Ni0.105B0.1
1963202.cif,B0.10Co0.25Fe0.50Ni0.15,,4,Fe0.5Co0.25Ni0.15B0.1
1153106.cif,B0.09Co0.25Fe0.59Nb0.07,,4,Fe0.59Co0.25B0.09Nb0.07
1965621.cif,B0.09Co0.10Fe0.75Nb0.06,,4,Fe0.75Co0.1B0.09Nb0.06
1054127.cif,B0.04Co0.84Cu0.01Fe0.04Zr0.07,cI,5,Co0.84Zr0.07B0.04Fe0.04
1822474.cif,B0.04Co0.84Cu0.01Fe0.04Zr0.07,cI,5,Co0.836Zr0.07Fe0.044B0.04
1822477.cif,'B0.04Co0.84Cu0.01Fe0.04Ta0.01Zr0.06',,6,Co0.836Zr0.06Fe0.044B0.04
1822276.cif,'B0.04Co0.11Cu0.01Fe0.66Ni0.11Zr0.07',cub1,6,Fe0.66Co0.11Ni0.11Zr0.07
1822475.cif,'B0.04Co0.84Cu0.01Fe0.04Nb0.01Zr0.06',,6,Co0.836Zr0.06Fe0.044B0.04
1817080.cif,'B0.08Co0.25Cu0.01Fe0.59Nb0.04Zr0.04',,6,Fe0.588Co0.252B0.08Nb0.035
1822476.cif,'B0.04Co0.84Cu0.01Fe0.04Hf0.01Zr0.06',,6,Co0.836Zr0.06Fe0.044B0.04
1144476.cif,'B0.05Co0.05Cu0.01Fe0.78Ge0.05Zr0.06',,6,Fe0.78Zr0.06B0.05Co0.05
548262.cif,Au0.25V0.75,ht,2,V0.75Au0.25
450829.cif,Au0.30V0.70,ht,2,V0.7Au0.3
530322.cif,Au0.25Nb0.75,ht,2,Nb0.75Au0.25
528666.cif,Au0.30Nb0.70,ht,2,Nb0.7Au0.3
261675.cif,Au0.30Nb0.70,ht,2,Nb0.7Au0.3
458726.cif,Au0.11Mo0.89,,2,Mo0.89Au0.11
529563.cif,Au0.04Fe0.96,rt,2,Fe0.96Au0.04
558004.cif,Au0.25Cu0.28Zn0.47,,3,Zn0.47Cu0.28Au0.25
452391.cif,As0.17Pd0.83,m,2,Pd0.83As0.17
1719633.cif,As0.17Pd0.83,m,2,Pd0.83As0.17
534632.cif,As0.17Pd0.83,m,2,Pd0.83As0.17
536638.cif,As0.05Ge0.13Pd0.82,m,3,Pd0.82Ge0.13As0.05
456479.cif,As0.08Fe0.92,,2,Fe0.92As0.08
1253996.cif,As,hp3,1,As
538765.cif,Al0.25W0.50Zr0.25,ht,3,W0.5Al0.25Zr0.25
1815197.cif,Al0.50W0.50,m,2,Al0.5W0.5
1941296.cif,Al0.23V0.76,hp-rt,2,V0.765Al0.235
1827342.cif,Al0.25V0.75,hp-rt,2,V0.75Al0.25
312604.cif,Al0.25V0.75,hp-rt,2,V0.75Al0.25
251693.cif,Al0.25V0.75,hp-rt,2,V0.75Al0.25
531906.cif,Al0.25V0.75,hp-rt,2,V0.75Al0.25
534482.cif,Al0.25V0.75,hp-rt,2,V0.75Al0.25
453772.cif,Al0.25V0.75,hp-rt,2,V0.75Al0.25
1012629.cif,Al0.32V0.68,hp-rt,2,V0.68Al0.32
261465.cif,Al0.33V0.67,hp-rt,2,V0.67Al0.33
534994.cif,Al0.50V0.50,hp-rt,2,Al0.5V0.5
535004.cif,Al0.50V0.50,hp-rt,2,Al0.5V0.5
535000.cif,Al0.62V0.38,hp-rt,2,Al0.62V0.38
1942797.cif,Al0.24Ti0.35Zr0.41,ht,3,Zr0.41Ti0.35Al0.24
1826220.cif,Al0.06Ti0.76V0.18,,3,Ti0.76V0.18Al0.06
1961188.cif,Al0.10Ti0.86V0.04,,3,Ti0.86Al0.1V0.04
1961121.cif,Al0.10Ti0.83V0.07,,3,Ti0.83Al0.1V0.07
1617291.cif,Al0.12Ti0.45V0.43,,3,Ti0.45V0.43Al0.12
1055757.cif,Al0.12Ti0.44V0.44,,3,Ti0.44V0.44Al0.12
1729162.cif,Al0.33Ta0.32Ti0.35,,3,Ti0.35Al0.33Ta0.32
1714859.cif,Al0.22Sn0.03V0.75,,3,V0.75Al0.225Sn0.025
1714856.cif,Al0.22Si0.03V0.75,,3,V0.75Al0.225Si0.025
1923700.cif,Al0.05Pu0.95,ht5,2,Pu0.9515Al0.0485
1838000.cif,Al0.15Ni0.20V0.65,,3,V0.65Ni0.2Al0.15
261042.cif,Al0.60Ni0.40,ht,2,Al0.6Ni0.4
1055957.cif,Al0.13Nb0.13Ti0.40V0.14Zr0.20,,5,Ti0.4Zr0.2V0.14Al0.13
1055706.cif,Al0.08Nb0.15Ti0.46V0.31,,4,Ti0.46V0.31Nb0.15Al0.08
1260558.cif,Al0.25Nb0.25Ti0.25V0.25,,4,Al0.25Nb0.25Ti0.25V0.25
1833918.cif,Al0.25Nb0.25Ti0.25V0.25,,4,Al0.25Nb0.25Ti0.25V0.25
1820494.cif,Al0.13Nb0.38Ti0.50,,3,Ti0.5Nb0.375Al0.125
1961123.cif,Al0.09Nb0.07Ti0.84,,3,Ti0.84Al0.09Nb0.07
1967509.cif,Al0.33Nb0.17Ti0.50,,3,Ti0.5Al0.33Nb0.17
1965562.cif,Al0.08Nb0.26Ta0.23Ti0.33Zr0.10,,5,Ti0.33Nb0.26Ta0.23Zr0.1
1965561.cif,Al0.06Nb0.09Ta0.02Ti0.53Zr0.30,,5,Ti0.53Zr0.3Nb0.09Al0.06
1965930.cif,Al0.20Nb0.20Ta0.20Ti0.20V0.20,,5,Al0.2Nb0.2Ta0.2Ti0.2
1963555.cif,Al0.20Nb0.20Ta0.20Ti0.20V0.20,,5,Al0.2Nb0.2Ta0.2Ti0.2
1962076.cif,Al0.06Nb0.02Si0.02Ti0.90,ht,4,Ti0.9Al0.06Nb0.02Si0.02
1055708.cif,Al0.07Nb0.14Ni0.07Ti0.43V0.29,,5,Ti0.43V0.29Nb0.14Al0.07
1260560.cif,Al0.20Nb0.25Ni0.05Ti0.25V0.25,,5,Nb0.25Ti0.25V0.25Al0.2
1804220.cif,Al0.05Nb0.95,,2,Nb0.95Al0.05
452149.cif,Al0.13Nb0.87,,2,Nb0.87Al0.13
455165.cif,Al0.16Nb0.84,,2,Nb0.84Al0.16
311646.cif,Al0.18Nb0.82,,2,Nb0.82Al0.18
450093.cif,Al0.20Nb0.80,,2,Nb0.8Al0.2
539721.cif,Al0.17Mo0.67Zr0.17,,3,Mo0.667Al0.167Zr0.166
1944010.cif,Al0.06Mo0.03Ti0.87V0.04,,4,Ti0.87Al0.06V0.04Mo0.03
1042880.cif,Al0.18Mo0.52Ti0.30,,3,Mo0.52Ti0.3Al0.18
1009684.cif,Al0.20Mo0.20Ti0.60,,3,Ti0.6Al0.2Mo0.2
1966776.cif,Al0.25Mn0.25Ti0.50,,3,Ti0.5Al0.25Mn0.25
1617206.cif,Al0.32Mn0.60Si0.08,ht4,3,Mn0.6Al0.32Si0.08
1617208.cif,Al0.44Mn0.44Si0.12,ht4,3,Al0.44Mn0.44Si0.12
1930082.cif,Al0.50Mn0.50,ht1,2,Al0.5Mn0.5
531840.cif,Al0.55Mn0.45,ht1,2,Al0.55Mn0.45
1617207.cif,Al0.55Mn0.45,ht1,2,Al0.55Mn0.45
302348.cif,Al0.17Hf0.17W0.66,ht,3,W0.66Al0.17Hf0.17
460914.cif,Al0.10Hf0.23Mo0.67,ht,3,Mo0.67Hf0.23Al0.1
1714854.cif,Al0.22Ga0.03V0.75,,3,V0.75Al0.225Ga0.025
555179.cif,Al0.25Fe0.65V0.10,ht2,3,Fe0.65Al0.25V0.1
312607.cif,Al0.25Fe0.62V0.13,ht2,3,Fe0.622Al0.25V0.128
1725343.cif,Al0.25Fe0.50V0.25,ht2,3,Fe0.5Al0.25V0.25
312606.cif,Al0.25Fe0.38V0.38,ht2,3,Fe0.375V0.375Al0.25
1242174.cif,Al0.04Fe0.09Ti0.01V0.86,,4,V0.86Fe0.09Al0.04Ti0.01
1932784.cif,Al0.08Fe0.87Ti0.05,,3,Fe0.87Al0.08Ti0.05
1729254.cif,Al0.19Fe0.76Ti0.05,,3,Fe0.761Al0.186Ti0.053
1962949.cif,Al0.20Fe0.72Ti0.08,,3,Fe0.72Al0.2Ti0.08
1824123.cif,Al0.23Fe0.69Ti0.09,,3,Fe0.685Al0.23Ti0.085
1953193.cif,Al0.12Fe0.60Si0.10V0.18,lt,4,Fe0.6V0.18Al0.12Si0.1
1933179.cif,Al0.12Fe0.60Si0.10V0.18,lt,4,Fe0.6V0.18Al0.12Si0.1
1729253.cif,Al0.07Fe0.71Si0.08Ti0.14,,4,Fe0.715Ti0.137Si0.076Al0.072
1927443.cif,Al0.05Fe0.75Si0.20,,3,Fe0.75Si0.2Al0.05
1933227.cif,Al0.14Fe0.70Si0.16,,3,Fe0.7Si0.16Al0.14
1822473.cif,Al0.15Fe0.68Ni0.16,,3,Fe0.684Ni0.162Al0.154
1235635.cif,Al0.38Fe0.30Ni0.32,,3,Al0.38Ni0.32Fe0.3
1962953.cif,Al0.20Fe0.72Nb0.04Ti0.04,,4,Fe0.72Al0.2Nb0.04Ti0.04
1930152.cif,Al0.26Fe0.73Nb0.01,,3,Fe0.73Al0.26Nb0.01
1821930.cif,Al0.23Fe0.71Mo0.06,,3,Fe0.712Al0.23Mo0.058
1821944.cif,Al0.23Fe0.66Mo0.11,,3,Fe0.655Al0.234Mo0.111
1821928.cif,Al0.05Fe0.13Mo0.83,,3,Mo0.83Fe0.125Al0.045
1821942.cif,Al0.04Fe0.06Mo0.90,,3,Mo0.9Fe0.06Al0.04
1821953.cif,Al0.40Fe0.42Mo0.18,ht,3,Fe0.424Al0.4Mo0.176
1952247.cif,Al0.20Fe0.20Mn0.20Nb0.20Ti0.20,,5,Al0.2Fe0.2Mn0.2Nb0.2
1937061.cif,Al0.24Fe0.59Mn0.17,m,3,Fe0.59Al0.24Mn0.17
1834139.cif,Al0.25Fe0.50Mn0.25,m,3,Fe0.5Al0.25Mn0.25
1823673.cif,Al0.25Fe0.50Mn0.25,m,3,Fe0.5Al0.25Mn0.25
1827346.cif,Al0.10Fe0.90,rt,2,Fe0.9Al0.1
1825418.cif,Al0.19Fe0.81,rt,2,Fe0.81Al0.19
1955023.cif,Al0.19Fe0.81,rt,2,Fe0.81Al0.19
1962948.cif,Al0.20Fe0.80,rt,2,Fe0.8Al0.2
1823487.cif,Al0.20Fe0.80,rt,2,Fe0.8Al0.2
553111.cif,Al0.20Fe0.80,rt,2,Fe0.8Al0.2
529558.cif,Al0.20Fe0.80,rt,2,Fe0.8Al0.2
380308.cif,Al0.20Fe0.80,rt,2,Fe0.8Al0.2
1928053.cif,Al0.23Fe0.77,rt,2,Fe0.77Al0.23
1804638.cif,Al0.25Fe0.75,rt,2,Fe0.75Al0.25
312605.cif,Al0.25Fe0.75,rt,2,Fe0.75Al0.25
454921.cif,Al0.25Fe0.75,rt,2,Fe0.75Al0.25
307565.cif,Al0.25Fe0.75,rt,2,Fe0.75Al0.25
458598.cif,Al0.25Fe0.75,rt,2,Fe0.75Al0.25
1963056.cif,Al0.30Fe0.70,rt,2,Fe0.7Al0.3
1635006.cif,Al0.30Fe0.70,rt,2,Fe0.7Al0.3
458599.cif,Al0.33Fe0.67,rt,2,Fe0.67Al0.33
555178.cif,Al0.35Fe0.65,rt,2,Fe0.65Al0.35
550036.cif,Al0.40Fe0.60,rt,2,Fe0.6Al0.4
1942848.cif,Al0.44Fe0.56,rt,2,Fe0.56Al0.44
1630389.cif,Al0.50Fe0.50,rt,2,Al0.5Fe0.5
555242.cif,Al0.50Fe0.50,rt,2,Al0.5Fe0.5
1963077.cif,Al0.60Fe0.40,rt,2,Al0.6Fe0.4
382974.cif,Al0.60Fe0.40,rt,2,Al0.6Fe0.4
1253220.cif,Al0.20Cu0.75Sn0.05,ht,3,Cu0.75Al0.2Sn0.05
1270004.cif,Al0Cu0.38Sb0.12Se0.50,hp,4,Se0.5Cu0.375Sb0.1225Al0.0025
382160.cif,Al0.25Cu0.75,ht,2,Cu0.75Al0.25
461529.cif,Al0.33Cr0.60V0.07,,3,Cr0.6Al0.33V0.07
1055756.cif,Al0.06Cr0.06Ti0.44V0.44,,4,Ti0.44V0.44Al0.06Cr0.06
1940319.cif,Al0.16Cr0.44Ti0.40,,3,Cr0.44Ti0.4Al0.16
1945450.cif,Al0.29Cr0.58Ti0.13,,3,Cr0.58Al0.29Ti0.13
461527.cif,Al0.33Cr0.60Ti0.07,,3,Cr0.6Al0.33Ti0.07
1930213.cif,Al0.31Cr0.50Ti0.19,,3,Cr0.5Al0.31Ti0.19
1930222.cif,Al0.15Cr0.16Ti0.69,,3,Ti0.69Cr0.16Al0.15
1942759.cif,Al0.42Cr0.28Ti0.30,,3,Al0.42Ti0.3Cr0.28
1819417.cif,Al0.11Cr0.82Si0.07,,3,Cr0.82Al0.107Si0.073
461528.cif,Al0.27Cr0.54Pd0.07Zr0.12,,4,Cr0.54Al0.27Zr0.12Pd0.07
1928207.cif,Al0.16Cr0.80Ni0.04,ht,3,Cr0.8Al0.16Ni0.04
1833919.cif,Al0.22Cr0.12Nb0.22Ti0.22V0.22,,5,Al0.22Nb0.22Ti0.22V0.22
1962522.cif,Al0.07Cr0.07Nb0.07Ti0.80,,4,Ti0.8Al0.067Cr0.067Nb0.066
461530.cif,Al0.33Cr0.60Nb0.07,,3,Cr0.6Al0.33Nb0.07
1961125.cif,'Al0.06Cr0.02Mo0.03Nb0.02Sn0.02Ti0.84Zr0.01',,7,Ti0.84Al0.06Mo0.03Cr0.02
461509.cif,Al0.33Cr0.40Mo0.27,,3,Cr0.4Al0.33Mo0.27
461531.cif,Al0.34Cr0.33Mn0.33,,3,Al0.34Cr0.33Mn0.33
1963038.cif,Al0.11Cr0.21Fe0.67Y0.01,,4,Fe0.67Cr0.21Al0.11Y0.01
1933180.cif,Al0.13Cr0.13Fe0.50Si0.13V0.13,,5,Fe0.5Al0.125Cr0.125Si0.125
1963037.cif,Al0.08Cr0.23Fe0.68Si0.01,,4,Fe0.68Cr0.23Al0.08Si0.01
1055972.cif,Al0.02Cr0.19Fe0.69Ni0.07Ti0.03,,5,Fe0.69Cr0.19Ni0.07Ti0.03
1055694.cif,Al0.17Cr0.17Fe0.33Ni0.33,cI,4,Fe0.33Ni0.33Al0.17Cr0.17
1963797.cif,Al0.21Cr0.26Fe0.24Nb0.11Ni0.18,,5,Cr0.26Fe0.24Al0.21Ni0.18
1963040.cif,'Al0.17Cr0.23Fe0.57Mo0.01Y0.01Zr0.01',,6,Fe0.57Cr0.23Al0.17Mo0.01
1963039.cif,Al0.12Cr0.21Fe0.65Mo0.01Y0.01,,5,Fe0.65Cr0.21Al0.12Mo0.01
1952248.cif,Al0.20Cr0.20Fe0.20Mn0.20V0.20,,5,Al0.2Cr0.2Fe0.2Mn0.2
1055704.cif,Al0.33Cr0.17Fe0.17Mn0.17Ti0.16,,5,Al0.33Cr0.17Fe0.17Mn0.17
1055786.cif,Al0.20Cr0.08Fe0.32Mn0.32Ni0.08,,5,Fe0.32Mn0.32Al0.2Cr0.08
1817212.cif,Al0.08Cr0.13Fe0.79,ht2,3,Fe0.79Cr0.13Al0.08
1828093.cif,Al0.25Cr0.25Fe0.50,ht2,3,Fe0.5Al0.25Cr0.25
1635005.cif,Al0.30Cr0.30Fe0.40,ht2,3,Fe0.4Al0.3Cr0.3
1946481.cif,Al0.34Cr0.33Fe0.33,ht2,3,Al0.34Cr0.33Fe0.33
1965487.cif,Al0.15Cr0.28Cu0.04Fe0.24V0.29,,5,V0.29Cr0.28Fe0.24Al0.15
1965484.cif,Al0.11Cr0.44Cu0.08Fe0.22Ti0.15,,5,Cr0.44Fe0.22Ti0.15Al0.11
1965482.cif,Al0.13Cr0.16Cu0.17Fe0.26Ti0.28,,5,Ti0.28Fe0.26Cu0.17Cr0.16
307454.cif,Al0.13Cr0.87,,2,Cr0.87Al0.13
1617303.cif,Al0.22Cr0.78,,2,Cr0.777Al0.223
1827344.cif,Al0.25Cr0.75,,2,Cr0.75Al0.25
456289.cif,Al0.33Cr0.67,,2,Cr0.67Al0.33
1260559.cif,Al0.20Co0.05Nb0.25Ti0.25V0.25,,5,Nb0.25Ti0.25V0.25Al0.2
1966392.cif,Al0.10Co0.40Fe0.40Ni0.10,,4,Co0.4Fe0.4Al0.1Ni0.1
1244892.cif,Al0.20Co0.20Fe0.20Mn0.20Ni0.20,,5,Al0.2Co0.2Fe0.2Mn0.2
1055855.cif,Al0.25Co0.15Fe0.60,,3,Fe0.6Al0.25Co0.15
1961248.cif,Al0.21Co0.20Cu0.19Fe0.20Ni0.20,,5,Al0.21Co0.2Fe0.2Ni0.2
1963547.cif,Al0.25Co0.25Cr0.25Ni0.25,,4,Al0.25Co0.25Cr0.25Ni0.25
1260705.cif,'Al0.03Co0.15Cr0.32Fe0.36Ni0.11Ti0.03',,6,Fe0.36Cr0.316Co0.153Ni0.106
1260644.cif,'Al0.17Co0.17Cr0.17Fe0.17Ni0.17Ti0.17',,6,Al0.167Co0.167Cr0.167Ti0.167
1058397.cif,Al0.16Co0.21Cr0.21Fe0.21Ni0.21,,5,Co0.21Cr0.21Fe0.21Ni0.21
1260641.cif,Al0.20Co0.20Cr0.20Fe0.20Ni0.20,,5,Al0.2Co0.2Cr0.2Fe0.2
1963552.cif,Al0.20Co0.20Cr0.20Fe0.20Ni0.20,,5,Al0.2Co0.2Cr0.2Fe0.2
1961082.cif,Al0.20Co0.20Cr0.20Fe0.20Ni0.20,,5,Al0.2Co0.2Cr0.2Fe0.2
1933643.cif,Al0.33Co0.17Cr0.17Fe0.17Ni0.17,,5,Al0.333Co0.167Cr0.167Fe0.167
1961083.cif,'Al0.17Co0.17Cr0.17Fe0.17Nb0.16Ni0.16',,6,Al0.17Co0.17Cr0.17Fe0.17
1965606.cif,'Al0.21Co0.18Cr0.17Fe0.18Mo0.09Ni0.17',,6,Al0.21Co0.18Fe0.18Cr0.17
1965583.cif,'Al0.19Co0.11Cr0.24Fe0.20Mo0.20Ni0.06',,6,Cr0.24Fe0.2Mo0.2Al0.19
1260643.cif,'Al0.17Co0.17Cr0.17Fe0.17Mn0.17Ni0.17',,6,Al0.167Co0.167Cr0.167Mn0.167
1731082.cif,'Al0.20Co0.16Cr0.16Fe0.16Mn0.16Ni0.16',,6,Al0.2Co0.16Cr0.16Fe0.16
1962487.cif,'Al0.23Co0.16Cr0.16Fe0.15Mn0.15Ni0.15',,6,Al0.23Co0.16Cr0.16Fe0.15
1833851.cif,Al0.25Co0.45Cr0.25Fe0.05,,4,Co0.45Al0.25Cr0.25Fe0.05
1963189.cif,'Al0.08Co0.15Cr0.15Cu0.15Fe0.15Ni0.15Si0.15Y0.01',,8,Co0.153Cr0.153Cu0.153Fe0.153
1963188.cif,'Al0.08Co0.15Cr0.15Cu0.15Fe0.15Ni0.15Si0.15',,7,Co0.154Cr0.154Cu0.154Fe0.154
1965324.cif,'Al0.16Co0.17Cr0.17Cu0.17Fe0.16Ni0.17',,6,Co0.17Cr0.17Cu0.17Ni0.17
1260642.cif,'Al0.17Co0.17Cr0.17Cu0.17Fe0.17Ni0.17',,6,Al0.167Co0.167Cr0.167Cu0.167
1834190.cif,'Al0.17Co0.17Cr0.16Cu0.16Fe0.17Ni0.17',,6,Al0.17Co0.17Fe0.17Ni0.17
1833850.cif,Al0.25Co0.50Cr0.25,,3,Co0.5Al0.25Cr0.25
1927810.cif,Al0.25Co0.50Cr0.25,,3,Co0.5Al0.25Cr0.25
1927733.cif,Al0.25Co0.50Cr0.25,,3,Co0.5Al0.25Cr0.25
1923929.cif,Al0.25Co0.50Cr0.25,,3,Co0.5Al0.25Cr0.25
532188.cif,Al0.20Au0.80,ht,2,Au0.8Al0.2
1928635.cif,Al0.20Au0.80,ht,2,Au0.8Al0.2
528689.cif,Ag0.50Zn0.50,ht,2,Ag0.5Zn0.5
261350.cif,Ag0.50Zn0.50,ht,2,Ag0.5Zn0.5
456063.cif,Ag0.02Li0.98,rt,2,Li0.98Ag0.02
451418.cif,Ag0.75In0.25,ht2,2,Ag0.75In0.25
311799.cif,Ag0.50Gd0.50,,2,Ag0.5Gd0.5
1946393.cif,Ag0.49Ga0.01Zn0.50,,3,Zn0.5Ag0.49Ga0.01
458548.cif,Ag0.22Fe0.78,tf,2,Fe0.78Ag0.22
302669.cif,Ag0.50Cd0.25Zn0.25,,3,Ag0.5Cd0.25Zn0.25
533474.cif,Ag0.48Cd0.52,ht2,2,Cd0.52Ag0.48
261349.cif,Ag0.50Cd0.50,ht2,2,Ag0.5Cd0.5
455171.cif,Ag0.75Al0.25,ht,2,Ag0.75Al0.25
